color,director_name,num_critic_for_reviews,duration,director_facebook_likes,actor_3_facebook_likes,actor_2_name,actor_1_facebook_likes,gross,genres,actor_1_name,movie_title,num_voted_users,cast_total_facebook_likes,actor_3_name,facenumber_in_poster,plot_keywords,movie_imdb_link,num_user_for_reviews,language,country,content_rating,budget,title_year,actor_2_facebook_likes,imdb_score,aspect_ratio,movie_facebook_likes
Color,,12,43,,218,Matt Ryan,1000,,Drama|Fantasy|Horror|Thriller,Harold Perrineau,ConstantineÂ             ,36919,1990,Charles Halford,1,based on comic|based on comic book|dc arrowverse|dc comics|supernatural,http://www.imdb.com/title/tt3489184/?ref_=fn_tt_tt_1,94,English,USA,TV-14,,,560,7.5,16,10000
Color,,12,45,,0,Brent Sexton,374,,Crime|Drama|Mystery,Adam Arkin,LifeÂ             ,29450,504,Damian Lewis,1,cop|murder|partner|police|protective male,http://www.imdb.com/title/tt0874936/?ref_=fn_tt_tt_1,67,English,USA,,,,130,8.3,,0
Color,Adam McKay,164,122,285,989,Leslie Bibb,8000,148213377,Action|Comedy|Sport,Will Ferrell,Talladega Nights: The Ballad of Ricky BobbyÂ ,130776,12410,Gary Cole,5,car racing|french|friend|nascar|racing,http://www.imdb.com/title/tt0415306/?ref_=fn_tt_tt_1,437,English,USA,PG-13,73000000,2006,1000,6.6,2.35,0
Color,Adam Shankman,219,117,163,260,Elijah Kelley,719,118823091,Comedy|Drama|Family|Music|Musical|Romance,Jerry Stiller,HairsprayÂ ,98693,1673,Paul Dooley,9,audition|best friend|dance|friend|tv dance show,http://www.imdb.com/title/tt0427327/?ref_=fn_tt_tt_1,401,English,USA,PG,75000000,2007,339,6.7,2.35,0
Color,Alan Taylor,474,126,230,2000,Emilia Clarke,24000,89732035,Action|Adventure|Sci-Fi,J.K. Simmons,Terminator GenisysÂ ,188457,38873,Matt Smith,2,alternate timeline|cyborg|future|robot|time machine,http://www.imdb.com/title/tt1340138/?ref_=fn_tt_tt_1,867,English,USA,PG-13,155000000,2015,10000,6.6,2.35,82000
Color,Alan Taylor,486,112,230,12000,Natalie Portman,26000,206360018,Action|Adventure|Fantasy!,Chris Hemsworth,Thor: The Dark WorldÂ !,414070,59803,Anthony Hopkins,3,arrest|portal|thor|warrior|weapon,http://www.imdb.com/title/tt1981115/?ref_=fn_tt_tt_1,532,English,USA,PG-13,170000000,2013,20000,7.1,2.35,63000
Color,Alfonso CuarÃ³n,372,109,0,18,Danny Huston,16000,35286428,Drama|Sci-Fi|Thriller,Charlie Hunnam,Children of MenÂ ,361767,16479,Rita Davies,0,chaos|england|long take|survival|violence,http://www.imdb.com/title/tt0206634/?ref_=fn_tt_tt_1,1206,English,USA,R,76000000,2006,430,7.9,1.85,17000
Color,Andrew Adamson,258,150,80,201,Pierfrancesco Favino,22000,141614023,Action|Adventure|Family|Fantasy,Peter Dinklage,The Chronicles of Narnia: Prince CaspianÂ ,149922,22697,DamiÃ¡n AlcÃ¡zar,4,brother brother relationship|brother sister relationship|good versus evil|king|narnia,http://www.imdb.com/title/tt0499448/?ref_=fn_tt_tt_1,438,English,USA,PG,225000000,2008,216,6.6,2.35,0
Color,Andrew Adamson,284,150,80,82,Kiran Shah,1000,291709845,Adventure|Family|Fantasy!,Jim Broadbent,"The Chronicles of Narnia: The Lion, the Witch and the WardrobeÂ ",286506,1317,Shane Rangi,5,hide and seek|lion|magic|professor|snow,http://www.imdb.com/title/tt0363771/?ref_=fn_tt_tt_1,1463,English,USA,PG,180000000,2005,190,6.9,2.35,0
Color,Andrew Adamson,205,93,80,48,Jennifer Saunders,692,436471036,Adventure|Animation|Comedy|Family|Fantasy|Romance,Rupert Everett,Shrek 2Â ,314630,1148,Conrad Vernon,1,drag queen|physical appearance|princess|queen|sequel,http://www.imdb.com/title/tt0298148/?ref_=fn_tt_tt_1,483,English,USA,PG,150000000,2004,309,7.2,1.85,0
Color,Andrew Stanton,462,132,475,530,Samantha Morton,640,73058679,Action|Adventure|Sci-Fi,Daryl Sabara,John CarterÂ ,212204,1873,Polly Walker,1,alien|american civil war|male nipple|mars|princess,http://www.imdb.com/title/tt0401729/?ref_=fn_tt_tt_1,738,English,USA,PG-13,263700000,2012,632,6.6,2.35,24000
Color,Andrew Stanton,421,98,475,522,Fred Willard,1000,223806889,Adventure|Animation|Family|Sci-Fi,John Ratzenberger,WALLÂ·EÂ ,718837,2975,Jeff Garlin,0,earth|obesity|plant|robot|soil,http://www.imdb.com/title/tt0910970/?ref_=fn_tt_tt_1,1043,English,USA,G,180000000,2008,729,8.4,2.35,16000
Color,AndrÃ©s Couturier,3,89,0,20,David Hoffman,163,,Animation|Family,Sariann Monaco,Top Cat BeginsÂ ,230,370,Ben Diskin,0,,http://www.imdb.com/title/tt4057916/?ref_=fn_tt_tt_1,1,Spanish,Mexico,PG,8000000,2015,94,4.4,,138
Color,Andy Tennant,91,148,72,99,Geoffrey Palmer,582,39251128,Drama|History|Romance,Bai Ling,Anna and the KingÂ ,31080,804,Randall Duk Kim,2,1860s|children|king|schoolteacher|siam,http://www.imdb.com/title/tt0166485/?ref_=fn_tt_tt_1,217,English,USA,PG-13,75000000,1999,103,6.7,2.35,0
Color,Andy Tennant,176,112,72,715,Ray Winstone,11000,70224196,Action|Adventure|Comedy|Romance|Thriller!,Matthew McConaughey,Fool's GoldÂ ,59352,13827,Alexis Dziena,0,debt|rapper|treasure|treasure hunter|yacht,http://www.imdb.com/title/tt0770752/?ref_=fn_tt_tt_1,138,English,USA,PG-13,70000000,2008,1000,5.6,2.35,0
Color,Anthony Russo,516,147,94,11000,Scarlett Johansson,21000,407197282,Action|Adventure|Sci-Fi,Robert Downey Jr.,Captain America: Civil WarÂ ,272670,64798,Chris Evans,0,based on comic book|knife|marvel cinematic universe|returning character killed off|superhero,http://www.imdb.com/title/tt3498820/?ref_=fn_tt_tt_1,1022,English,USA,PG-13,250000000,2016,19000,8.2,2.35,72000
Color,Anthony Russo,576,136,94,2000,Chris Evans,19000,259746958,Action|Adventure|Sci-Fi,Scarlett Johansson,Captain America: The Winter SoldierÂ ,496749,36188,Hayley Atwell,1,conspiracy|heroism|megalomaniac|super soldier|world domination,http://www.imdb.com/title/tt1843866/?ref_=fn_tt_tt_1,742,English,USA,PG-13,170000000,2014,11000,7.8,2.35,55000
Color,Antoine Fuqua,89,142,845,787,Tom Skerritt,13000,43426961,Action|Drama|Thriller|War,Bruce Willis,Tears of the SunÂ ,93494,16580,Cole Hauser,1,dictator|doctor|jungle|rebel|refugee,http://www.imdb.com/title/tt0314353/?ref_=fn_tt_tt_1,394,English,USA,R,70000000,2003,1000,6.6,2.35,0
Color,Antony Hoffman,145,106,14,0,Val Kilmer,2,17473245,Action|Sci-Fi|Thriller,Bob Neill,Red PlanetÂ ,47612,2,Tom Sizemore,1,astronaut|mars|robot|robot as menace|survival,http://www.imdb.com/title/tt0199753/?ref_=fn_tt_tt_1,348,English,USA,PG-13,70000000,2000,0,5.7,2.35,995
Color,Barry Cook,113,87,43,210,Tiya Sircar,882,36073232,Adventure|Animation|Family,Charlie Rowe,Walking with Dinosaurs 3DÂ ,8913,1971,Madison Rothschild,0,brother|dinosaur|head butt|hero|orphan,http://www.imdb.com/title/tt1762399/?ref_=fn_tt_tt_1,66,English,USA,PG,80000000,2013,396,5.2,2.35,0
Color,Barry Levinson,132,123,272,193,BrÃ­an F. O'Byrne,13000,41523271,Comedy|Crime|Drama|Romance,Bruce Willis,BanditsÂ ,57038,13934,Azura Skye,2,bank manager|hypochondriac|love triangle|prison|television,http://www.imdb.com/title/tt0219965/?ref_=fn_tt_tt_1,261,English,USA,PG-13,80000000,2001,450,6.6,2.35,0
Color,Barry Levinson,108,134,272,215,James Pickens Jr.,548,36976367,Drama|Mystery|Sci-Fi|Thriller,Peter Coyote,SphereÂ ,81611,1044,Huey Lewis,3,manifestation|ocean|spacecraft|spaceship|sphere,http://www.imdb.com/title/tt0120184/?ref_=fn_tt_tt_1,274,English,USA,PG-13,75000000,1998,270,6,2.35,0
Color,Barry Sonnenfeld,451,106,188,718,Michael Stuhlbarg,10000,179020854,Action|Adventure|Comedy|Family|Fantasy|Sci-Fi,Will Smith,Men in Black 3Â ,268154,12572,Nicole Scherzinger,1,alien|criminal|m.i.b.|maximum security prison|prison,http://www.imdb.com/title/tt1409024/?ref_=fn_tt_tt_1,341,English,USA,PG-13,225000000,2012,816,6.8,1.85,40000
Color,Barry Sonnenfeld,85,106,188,582,Salma Hayek,10000,113745408,Action|Comedy|Sci-Fi|Western,Will Smith,Wild Wild WestÂ ,129601,15870,Bai Ling,2,buddy movie|general|inventor|steampunk|utah,http://www.imdb.com/title/tt0120891/?ref_=fn_tt_tt_1,648,English,USA,PG-13,170000000,1999,4000,4.8,1.85,0
Color,Baz Luhrmann,490,143,1000,77,Elizabeth Debicki,29000,144812796,Drama|Romance,Leonardo DiCaprio,The Great GatsbyÂ ,362912,29770,Steve Bisley,4,ingratitude|mansion|party|title appears in writing|tragedy,http://www.imdb.com/title/tt1343092/?ref_=fn_tt_tt_1,753,English,Australia,PG-13,105000000,2013,509,7.3,2.35,115000
Color,Betty Thomas,73,85,84,595,Raven-SymonÃ©,1000,144156464,Comedy|Family|Fantasy,Oliver Platt,Doctor DolittleÂ ,74343,4166,Peter Boyle,0,box office hit|doctor|dog|first part|tiger,http://www.imdb.com/title/tt0118998/?ref_=fn_tt_tt_1,98,English,USA,PG-13,71500000,1998,1000,5.3,1.85,694
Color,Bibo Bergeron,143,90,10,11000,Martin Scorsese,22000,160762022,Adventure|Animation|Comedy|Family,Robert De Niro,Shark TaleÂ ,132415,63165,Angelina Jolie Pitt,0,anchor|fish|mobster|shark|vegetarian,http://www.imdb.com/title/tt0307453/?ref_=fn_tt_tt_1,288,English,USA,PG,75000000,2004,17000,6,1.85,0
Color,Bill Condon,241,130,386,525,Jennifer Hudson,912,103338338,Drama|Music|Musical,Loretta Devine,DreamgirlsÂ ,55901,2856,Anika Noni Rose,0,1960s|fire|pop chart|singer|trio,http://www.imdb.com/title/tt0443489/?ref_=fn_tt_tt_1,503,English,USA,PG-13,70000000,2006,549,6.5,2.35,0
Color,Brad Bird,443,130,663,604,Chris Bauer,2000,93417865,Action|Adventure|Family|Mystery|Sci-Fi,Judy Greer,TomorrowlandÂ ,128306,5046,Thomas Robinson,2,boy genius|futuristic city|inventor|teenage girl|time travel,http://www.imdb.com/title/tt1964418/?ref_=fn_tt_tt_1,497,English,USA,PG,190000000,2015,638,6.5,2.2,37000
Color,Brad Bird,318,111,663,954,John Ratzenberger,1000,206435493,Animation|Comedy|Family|Fantasy,Janeane Garofalo,RatatouilleÂ ,473887,4764,Brian Dennehy,0,chef|food|french|rat|restaurant,http://www.imdb.com/title/tt0382932/?ref_=fn_tt_tt_1,626,English,USA,G,150000000,2007,1000,8,2.35,10000
Color,Brad Peyton,178,94,62,722,Dwayne Johnson,14000,103812241,Action|Adventure|Comedy|Family|Fantasy|Sci-Fi,Josh Hutcherson,Journey 2: The Mysterious IslandÂ ,67296,27842,Kristin Davis,3,gold|hurricane|island|mountain|mysterious island,http://www.imdb.com/title/tt1397514/?ref_=fn_tt_tt_1,133,English,USA,PG,79000000,2012,12000,5.8,1.85,0
Color,Breck Eisner,202,106,42,612,Joseph Gilgun,14000,27356090,Action|Adventure|Fantasy!,Vin Diesel,The Last Witch HunterÂ ,58752,16922,Lotte Verbeek,0,box office flop|burned to death|magic|witch|witch hunterA,http://www.imdb.com/title/tt1618442/?ref_=fn_tt_tt_1,117,English,USA,PG-13,90000000,2015,788,6,2.35,21000
Color,Brett Ratner,334,104,420,560,Kelsey Grammer,20000,234360014,Action|Adventure|Fantasy|Sci-Fi|Thriller!,Hugh Jackman,X-Men: The Last StandÂ ,383427,21714,Daniel Cudmore,0,battle|mutant|outrage|walking through a wall|x men,http://www.imdb.com/title/tt0376994/?ref_=fn_tt_tt_1,1912,English,Canada,PG-13,210000000,2006,808,6.8,2.35,0
Color,Brett Ratner,162,91,420,173,Dana Ivey,268,140080850,Action|Comedy|Crime|Thriller,Tzi Ma,Rush Hour 3Â ,121084,1125,NoÃ©mie Lenoir,2,ambassador|assassination|chinese|french|triad,http://www.imdb.com/title/tt0293564/?ref_=fn_tt_tt_1,221,English,USA,PG-13,140000000,2007,268,6.2,2.35,0
Color,Brett Ratner,210,124,420,876,Anthony Hopkins,22000,92930005,Crime|Drama|Thriller,Philip Seymour Hoffman,Red DragonÂ ,204063,35867,Emily Watson,0,criminal profile|fbi agent|madman|tabloid reporter|tragic villain,http://www.imdb.com/title/tt0289765/?ref_=fn_tt_tt_1,764,English,Germany,R,78000000,2002,12000,7.2,2.35,0
Color,Brian De Palma,117,98,0,697,Mike Starr,12000,55585389,Crime|Mystery|Thriller,Nicolas Cage,Snake EyesÂ ,64121,15269,John Heard,1,assassination|boxing|casino|conspiracy|long take,http://www.imdb.com/title/tt0120832/?ref_=fn_tt_tt_1,241,English,USA,R,69000000,1998,854,5.9,2.35,880
Color,Bryan Singer,434,169,0,903,Marlon Brando,18000,200069408,Action|Adventure|Sci-Fi,Kevin Spacey,Superman ReturnsÂ ,240396,29991,Frank Langella,0,crystal|epic|lex luthor|lois lane|return to earth,http://www.imdb.com/title/tt0348150/?ref_=fn_tt_tt_1,2367,English,USA,PG-13,209000000,2006,10000,6.1,2.35,0
Color,Bryan Singer,539,149,0,20000,Peter Dinklage,34000,233914986,Action|Adventure|Fantasy|Sci-Fi|Thriller!,Jennifer Lawrence,X-Men: Days of Future PastÂ ,514125,91434,Hugh Jackman,7,dystopia|super strength|supernatural power|time paradox|time travel,http://www.imdb.com/title/tt1877832/?ref_=fn_tt_tt_1,752,English,USA,PG-13,200000000,2014,22000,8,2.35,82000
Color,Bryan Singer,338,114,0,140,Ewen Bremner,979,65171860,Adventure|Fantasy,Eddie Marsan,Jack the Giant SlayerÂ ,106416,1766,Ralph Brown,1,bean|giant|king|no opening credits|princess,http://www.imdb.com/title/tt1351685/?ref_=fn_tt_tt_1,205,English,USA,PG-13,195000000,2013,557,6.3,2.35,22000
Color,Bryan Singer,396,144,0,1000,Michael Fassbender,34000,154985087,Action|Adventure|Sci-Fi,Jennifer Lawrence,X-Men: ApocalypseÂ ,148379,49684,Tye Sheridan,6,mutant|superhero|superhero team|x men|year 1983,http://www.imdb.com/title/tt3385516/?ref_=fn_tt_tt_1,622,English,USA,PG-13,178000000,2016,13000,7.3,2.35,54000
Color,Bryan Singer,290,104,0,505,Tyler Mane,20000,157299717,Action|Adventure|Sci-Fi,Hugh Jackman,X-MenÂ ,452928,21397,Bruce Davison,0,first part|mutant|professor|superhero|superhero team,http://www.imdb.com/title/tt0120903/?ref_=fn_tt_tt_1,1401,English,USA,PG-13,75000000,2000,764,7.4,2.35,0
Color,Byron Howard,225,96,59,699,Diedrich Bader,17000,114053579,Adventure|Animation|Comedy|Drama|Family,ChloÃ« Grace Moretz,BoltÂ ,146766,20007,James Lipton,0,cat|dog|hamster|new york city|superpowerA,http://www.imdb.com/title/tt0397892/?ref_=fn_tt_tt_1,178,English,USA,PG,150000000,2008,759,6.9,1.85,0
Color,Carl Rinsch,218,128,47,982,Cary-Hiroyuki Tagawa,18000,38297305,Action|Adventure|Drama|Fantasy,Keanu Reeves,47 RoninÂ ,116994,20965,Jin Akanishi,2,box office flop|ronin|samurai|shogun|tournament,http://www.imdb.com/title/tt1335975/?ref_=fn_tt_tt_1,324,English,USA,PG-13,175000000,2013,1000,6.3,2.35,35000
Color,Carlos Saldanha,164,115,107,241,Ray Romano,835,195329763,Action|Adventure|Animation|Comedy|Family|Fantasy,Denis Leary,Ice Age: The MeltdownÂ ,194249,1815,Jay Leno,0,flood|mammoth|no opening credits|squirrel|valley,http://www.imdb.com/title/tt0438097/?ref_=fn_tt_tt_1,253,English,USA,PG,80000000,2006,590,6.9,1.85,0
Color,Chris Buck,406,102,69,490,Maurice LaMarche,1000,400736600,Adventure|Animation|Comedy|Family|Fantasy|Musical,Josh Gad,FrozenÂ ,421658,2582,Livvy Stubenrauch,0,magic|sister love|sister sister relationship|snow|snowman,http://www.imdb.com/title/tt2294629/?ref_=fn_tt_tt_1,904,English,USA,PG,150000000,2013,523,7.6,2.24,58000
Color,Chris Miller,227,93,50,692,Eric Idle,3000,320706665,Adventure|Animation|Comedy|Family|Fantasy,Justin Timberlake,Shrek the ThirdÂ ,211971,4705,Rupert Everett,2,disney spoof|fairy tale|prince|princess|tough guy,http://www.imdb.com/title/tt0413267/?ref_=fn_tt_tt_1,326,English,USA,PG,160000000,2007,795,6.1,1.85,0
Color,Chris Weitz,251,113,129,1000,Eva Green,16000,70083519,Adventure|Family|Fantasy!,Christopher Lee,The Golden CompassÂ ,149019,24106,Kristin Scott Thomas,2,children|epic|friend|girl|quest,http://www.imdb.com/title/tt0385752/?ref_=fn_tt_tt_1,666,English,USA,PG-13,180000000,2007,6000,6.1,2.35,0
Color,Christopher Nolan,813,164,22000,23000,Christian Bale,27000,448130642,Action|Thriller,Tom Hardy,The Dark Knight RisesÂ ,1144337,106759,Joseph Gordon-Levitt,0,deception|imprisonment|lawlessness|police officer|terrorist plot,http://www.imdb.com/title/tt1345836/?ref_=fn_tt_tt_1,2701,English,USA,PG-13,250000000,2012,23000,8.5,2.35,164000
Color,Christopher Nolan,645,152,22000,11000,Heath Ledger,23000,533316061,Action|Crime|Drama|Thriller,Christian Bale,The Dark KnightÂ ,1676169,57802,Morgan Freeman,0,based on comic book|dc comics|psychopath|star died before release|urban setting,http://www.imdb.com/title/tt0468569/?ref_=fn_tt_tt_1,4667,English,USA,PG-13,185000000,2008,13000,9,2.35,37000
Color,Christopher Nolan,712,169,22000,6000,Anne Hathaway,11000,187991439,Adventure|Drama|Sci-Fi,Matthew McConaughey,InterstellarÂ ,928227,31488,Mackenzie Foy,1,black hole|father daughter relationship|saving the world|space travel|wormhole,http://www.imdb.com/title/tt0816692/?ref_=fn_tt_tt_1,2725,English,USA,PG-13,165000000,2014,11000,8.6,2.35,349000
Color,Christopher Nolan,642,148,22000,23000,Tom Hardy,29000,292568851,Action|Adventure|Sci-Fi|Thriller,Leonardo DiCaprio,InceptionÂ ,1468200,81115,Joseph Gordon-Levitt,0,ambiguous ending|corporate espionage|dream|subconscious|thief,http://www.imdb.com/title/tt1375666/?ref_=fn_tt_tt_1,2803,English,USA,PG-13,160000000,2010,27000,8.8,2.35,175000
Color,Christopher Nolan,478,128,22000,11000,Liam Neeson,23000,205343774,Action|Adventure,Christian Bale,Batman BeginsÂ ,980946,59558,Morgan Freeman,0,armored car|gangster|gotham|mixed martial arts|social decay,http://www.imdb.com/title/tt0372784/?ref_=fn_tt_tt_1,2685,English,USA,PG-13,150000000,2005,14000,8.3,2.35,15000
Color,Clay Kaytis,141,97,6,415,Josh Gad,22000,107225164,Action|Animation|Comedy|Family,Peter Dinklage,The Angry Birds MovieÂ ,27130,24350,Keegan-Michael Key,0,butt|downward duck|fish|kingfisher|pig,http://www.imdb.com/title/tt1985949/?ref_=fn_tt_tt_1,126,English,USA,PG,73000000,2016,1000,6.3,1.85,14000
Color,Cody Cameron,169,95,18,18,Khamani Griffin,622,119793567,Animation|Comedy|Family|Fantasy|Sci-Fi,Will Forte,Cloudy with a Chance of Meatballs 2Â ,64387,848,Melissa Sturm,0,food|inventor|island|orangutan|scientistA,http://www.imdb.com/title/tt1985966/?ref_=fn_tt_tt_1,85,English,USA,PG,78000000,2013,161,6.5,2.35,15000
Color,Colin Trevorrow,644,124,365,1000,Judy Greer,3000,652177271,Action|Adventure|Sci-Fi|Thriller,Bryce Dallas Howard,Jurassic WorldÂ ,418214,8458,Omar Sy,0,dinosaur|disaster film|experiment gone wrong|jurassic park|velociraptor,http://www.imdb.com/title/tt0369610/?ref_=fn_tt_tt_1,1290,English,USA,PG-13,150000000,2015,2000,7,2,150000
Color,Dan Scanlon,376,104,37,760,Tyler Labine,12000,268488329,Adventure|Animation|Comedy|Family|Fantasy,Steve Buscemi,Monsters UniversityÂ ,235025,14863,Sean Hayes,0,cheating|fraternity|monster|singing in a car|university,http://www.imdb.com/title/tt1453405/?ref_=fn_tt_tt_1,265,English,USA,G,200000000,2013,779,7.3,1.85,44000
Color,David Ayer,418,123,452,329,Robin Atkin Downes,10000,161087183,Action|Adventure|Comedy|Sci-Fi,Will Smith,Suicide SquadÂ ,118992,11287,Ike Barinholtz,8,based on comic book|critically bashed|father daughter relationship|reference to superman|super villain,http://www.imdb.com/title/tt1386697/?ref_=fn_tt_tt_1,971,English,USA,PG-13,175000000,2016,336,6.9,2.35,80000
Color,David Fincher,362,166,21000,919,Jason Flemyng,11000,127490802,Drama|Fantasy|Romance,Brad Pitt,The Curious Case of Benjamin ButtonÂ ,459346,13333,Julia Ormond,2,deformed baby|diary|lingerie slip|older man younger woman relationship|premature aging,http://www.imdb.com/title/tt0421715/?ref_=fn_tt_tt_1,822,English,USA,PG-13,150000000,2008,1000,7.8,2.35,23000
Color,David Kellogg,70,110,16,692,Rene Auberjonois,2000,97360069,Action|Adventure|Comedy|Family|Sci-Fi,Matthew Broderick,Inspector GadgetÂ ,36491,5320,Rupert Everett,0,actor playing multiple roles|claw|gadget|inspector|police,http://www.imdb.com/title/tt0141369/?ref_=fn_tt_tt_1,231,English,USA,PG,75000000,1999,710,4.1,1.85,509
Color,David Pastor,130,84,10,394,Kiernan Shipka,3000,90820,Drama|Horror|Sci-Fi|Thriller,Christopher Meloni,CarriersÂ ,35510,4368,Lou Taylor Pucci,0,beach|disease|latex gloves|pandemic|virus,http://www.imdb.com/title/tt0806203/?ref_=fn_tt_tt_1,119,English,USA,PG-13,,2009,552,6,2.35,0
Color,David Silverman,299,87,30,433,Yeardley Smith,745,183132370,Adventure|Animation|Comedy,Albert Brooks,The Simpsons MovieÂ ,259083,3086,Marcia Wallace,0,alaska|dome|lake|pig|the simpsons,http://www.imdb.com/title/tt0462538/?ref_=fn_tt_tt_1,763,English,USA,PG-13,75000000,2007,440,7.4,2.35,0
Color,David Yates,375,153,282,10000,Daniel Radcliffe,25000,301956980,Adventure|Family|Fantasy|Mystery,Alan Rickman,Harry Potter and the Half-Blood PrinceÂ ,321795,58753,Rupert Grint,3,blood|book|love|potion|professor,http://www.imdb.com/title/tt0417741/?ref_=fn_tt_tt_1,973,English,UK,PG,250000000,2009,11000,7.5,2.35,10000
Color,David Yates,248,110,282,103,Alexander SkarsgÃ¥rd,11000,124051759,Action|Adventure|Drama|Romance,Christoph Waltz,The Legend of TarzanÂ !,42372,21175,Casper Crump,2,africa|capture|jungle|male objectification|tarzan,http://www.imdb.com/title/tt0918940/?ref_=fn_tt_tt_1,239,English,USA,PG-13,180000000,2016,10000,6.6,2.35,29000
Color,David Yates,329,138,282,687,Daniel Radcliffe,21000,292000866,Adventure|Family|Fantasy|Mystery,Robert Pattinson,Harry Potter and the Order of the PhoenixÂ ,355137,33433,Fiona Shaw,3,battle|magic|school|teacher|wizard,http://www.imdb.com/title/tt0373889/?ref_=fn_tt_tt_1,1108,English,UK,PG-13,150000000,2007,11000,7.5,2.35,0
Color,Dean DeBlois,288,98,255,759,America Ferrera,18000,217387997,Adventure|Animation|Family|Fantasy,Gerard Butler,How to Train Your DragonÂ ,485430,20453,Craig Ferguson,0,dragon|island|training|viking|village,http://www.imdb.com/title/tt0892769/?ref_=fn_tt_tt_1,492,English,USA,PG,165000000,2010,953,8.2,2.35,33000
Color,Dennis Dugan,156,91,221,553,Adam Sandler,14000,74158157,Comedy,Al Pacino,Jack and JillÂ ,60370,27405,Tim Meadows,2,advertising|advertising executive|commercial|protective male|twins,http://www.imdb.com/title/tt0810913/?ref_=fn_tt_tt_1,264,English,USA,PG,79000000,2011,11000,3.4,1.85,0
Color,Dennis Dugan,179,102,221,4000,Adam Sandler,12000,162001186,Comedy,Steve Buscemi,Grown UpsÂ ,181443,28497,Salma Hayek,4,basketball|coach|daughter|high school|high school basketball,http://www.imdb.com/title/tt1375670/?ref_=fn_tt_tt_1,311,English,USA,PG-13,80000000,2010,11000,6,1.85,12000
Color,Des McAnuff,49,92,5,924,Janeane Garofalo,22000,26000610,Adventure|Animation|Comedy|Family|Fantasy,Robert De Niro,The Adventures of Rocky & BullwinkleÂ !,16611,28050,Jonathan Winters,0,deforestation|fbi|lighthouse|moose|squirrel,http://www.imdb.com/title/tt0131704/?ref_=fn_tt_tt_1,197,English,USA,PG,76000000,2000,1000,4.1,1.85,413
Color,Dominic Sena,166,99,57,820,Don Cheadle,20000,69772969,Action|Crime|Thriller,Hugh Jackman,SwordfishÂ ,155532,25942,Sam Shepard,4,computer|secret agent|terrorism|told in flashback|wearing a sound wire,http://www.imdb.com/title/tt0244244/?ref_=fn_tt_tt_1,543,English,USA,R,80000000,2001,3000,6.5,2.35,0
Color,Don Bluth,131,94,383,886,Janeane Garofalo,13000,22751979,Action|Adventure|Animation|Family|Sci-Fi!,Matt Damon,Titan A.E.Â ,52244,15857,Nathan Lane,0,alien|captain|escape|pilot|scientist,http://www.imdb.com/title/tt0120913/?ref_=fn_tt_tt_1,377,English,USA,PG,75000000,2000,1000,6.6,2.35,0
Color,Don Hall,384,102,38,562,Daniel Henney,756,222487711,Action|Adventure|Animation|Comedy|Drama|Family|Sci-Fi,Damon Wayans Jr.,Big Hero 6Â ,279093,2963,Abraham Benrubi,0,high tech|martial arts|masked man|robot|superhero,http://www.imdb.com/title/tt2245084/?ref_=fn_tt_tt_1,433,English,USA,PG,165000000,2014,719,7.9,2.39,41000
Color,Doug Liman,585,113,218,509,Lara Pulver,10000,100189501,Action|Adventure|Sci-Fi,Tom Cruise,Edge of TomorrowÂ ,431620,12652,Noah Taylor,1,alien|combat|dying repeatedly|end of the world|time loopA,http://www.imdb.com/title/tt1631867/?ref_=fn_tt_tt_1,741,English,USA,PG-13,178000000,2014,854,7.9,2.35,77000
,Doug Walker,,,131,,Rob Walker,131,,Documentary,Doug Walker,Star Wars: Episode VII - The Force AwakensÂ             ,8,143,,0,,http://www.imdb.com/title/tt5289954/?ref_=fn_tt_tt_1,,,,,,,12,7.1,,0
Color,Duncan Jones,275,123,0,648,Callum Rennie,3000,46978995,Action|Adventure|Fantasy!,Dominic Cooper,WarcraftÂ ,111609,5505,Ruth Negga,0,based on video game|fictional language|fictional war|orc|sword and sorcery,http://www.imdb.com/title/tt0803096/?ref_=fn_tt_tt_1,781,English,USA,PG-13,160000000,2016,716,7.3,2.35,89000
Color,Eric Darnell,167,89,35,436,Jada Pinkett Smith,1000,179982968,Action|Adventure|Animation|Comedy|Family!,Bernie Mac,Madagascar: Escape 2 AfricaÂ ,146019,3285,Cedric the Entertainer,0,africa|madagascar|new york city|sequel|zoo,http://www.imdb.com/title/tt0479952/?ref_=fn_tt_tt_1,119,English,USA,PG,150000000,2008,851,6.7,1.85,0
Color,Eric Darnell,181,86,35,179,Cedric the Entertainer,851,193136719,Adventure|Animation|Comedy|Family,Jada Pinkett Smith,MadagascarÂ ,266636,1777,Andy Richter,0,escape|jungle|lemur|madagascar|zoo,http://www.imdb.com/title/tt0351283/?ref_=fn_tt_tt_1,385,English,USA,PG,75000000,2005,436,6.9,1.85,0
Color,F. Gary Gray,161,118,473,680,Christina Milian,12000,55808744,Comedy|Crime|Music,Dwayne Johnson,Be CoolÂ ,59435,15889,Debi Mazar,4,concert|mobster|russian|sequel|widow,http://www.imdb.com/title/tt0377471/?ref_=fn_tt_tt_1,323,English,USA,PG-13,53000000,2005,1000,5.7,2.4,0
Color,Florent-Emilio Siri,152,113,17,759,Bruce Willis,87000,34636443,Action|Crime|Drama|Mystery|Thriller,Jimmy Bennett,HostageÂ ,93790,103354,Ransford Doherty,0,california|hostage|hostage negotiator|organized crime|police,http://www.imdb.com/title/tt0340163/?ref_=fn_tt_tt_1,288,English,USA,R,52000000,2005,13000,6.6,2.35,0
Color,Francis Lawrence,389,137,508,14000,Philip Seymour Hoffman,34000,281666058,Adventure|Sci-Fi,Jennifer Lawrence,The Hunger Games: Mockingjay - Part 2Â ,166137,81385,Josh Hutcherson,1,death of sister|dystopia|execution|rebellion|revolution,http://www.imdb.com/title/tt1951266/?ref_=fn_tt_tt_1,383,English,USA,PG-13,160000000,2015,22000,6.6,2.35,38000
Color,Francis Lawrence,323,104,508,558,Alice Braga,10000,256386216,Drama|Horror|Sci-Fi,Will Smith,I Am LegendÂ ,530870,13076,Willow Smith,0,new york city|pandemic|post apocalypse|survivalist|virusA,http://www.imdb.com/title/tt0480249/?ref_=fn_tt_tt_1,1413,English,USA,PG-13,150000000,2007,1000,7.2,2.35,11000
Color,Frank Darabont,128,152,0,745,Hal Holbrook,940,27796042,Drama|Romance,Martin Landau,The MajesticÂ ,45031,4310,Jeffrey DeMunn,1,amnesia|california|communist|small town|writer,http://www.imdb.com/title/tt0268995/?ref_=fn_tt_tt_1,376,English,USA,PG,72000000,2001,826,6.9,1.85,0
Color,Garry Marshall,103,116,0,995,Christopher Meloni,8000,152149590,Comedy|Romance,Julia Roberts,Runaway BrideÂ ,74274,12790,Hector Elizondo,2,bride|columnist|journalist|maryland|wedding,http://www.imdb.com/title/tt0163187/?ref_=fn_tt_tt_1,255,English,USA,PG,70000000,1999,3000,5.5,2.35,0
Color,Gavin Hood,350,119,151,2000,Ryan Reynolds,20000,179883016,Action|Adventure|Fantasy|Sci-Fi|Thriller!,Hugh Jackman,X-Men Origins: WolverineÂ ,361924,40054,Dominic Monaghan,0,army|civil war|claw fight|commando|wolverine the character,http://www.imdb.com/title/tt0458525/?ref_=fn_tt_tt_1,641,English,USA,PG-13,150000000,2009,16000,6.7,2.35,0
Color,George Miller,739,120,750,943,Charlize Theron,27000,153629485,Action|Adventure|Sci-Fi|Thriller,Tom Hardy,Mad Max: Fury RoadÂ ,552503,40025,ZoÃ« Kravitz,0,australia|desert|escape|on the run|post apocalypse,http://www.imdb.com/title/tt1392190/?ref_=fn_tt_tt_1,1588,English,Australia,R,150000000,2015,9000,8.1,2.35,191000
Color,George Miller,61,97,750,231,Elizabeth Daily,1000,18318000,Adventure|Comedy|Drama|Family|Fantasy,Adam Goldberg,Babe: Pig in the CityÂ ,24868,2521,Glenne Headly,0,animal|farm|farmer|hotel|pig,http://www.imdb.com/title/tt0120595/?ref_=fn_tt_tt_1,216,English,Australia,G,80000000,1998,971,5.8,1.85,964
Color,Gil Kenan,190,91,27,925,Jon Heder,12000,73661010,Animation|Comedy|Family|Fantasy|Mystery,Steve Buscemi,Monster HouseÂ ,71137,17299,Catherine O'Hara,0,babysitter|halloween|house|neighbor|suburb,http://www.imdb.com/title/tt0385880/?ref_=fn_tt_tt_1,229,English,USA,PG,75000000,2006,970,6.6,2.35,0
Color,Gore Verbinski,302,169,563,1000,Orlando Bloom,40000,309404152,Action|Adventure|Fantasy!,Johnny Depp,Pirates of the Caribbean: At World's EndÂ ,471220,48350,Jack Davenport,0,goddess|marriage ceremony|marriage proposal|pirate|singapore,http://www.imdb.com/title/tt0449088/?ref_=fn_tt_tt_1,1238,English,USA,PG-13,300000000,2007,5000,7.1,2.35,0
Color,Gore Verbinski,313,151,563,1000,Orlando Bloom,40000,423032628,Action|Adventure|Fantasy!,Johnny Depp,Pirates of the Caribbean: Dead Man's ChestÂ ,522040,48486,Jack Davenport,2,box office hit|giant squid|heart|liar's dice|monster,http://www.imdb.com/title/tt0383574/?ref_=fn_tt_tt_1,1832,English,USA,PG-13,225000000,2006,5000,7.3,2.35,5000
Color,Gore Verbinski,450,150,563,1000,Ruth Wilson,40000,89289910,Action|Adventure|Western!,Johnny Depp,The Lone RangerÂ ,181792,45757,Tom Wilkinson,1,horse|outlaw|texas|texas ranger|train,http://www.imdb.com/title/tt1210819/?ref_=fn_tt_tt_1,711,English,USA,PG-13,215000000,2013,2000,6.5,2.35,48000
Color,Guillermo del Toro,575,131,0,919,Clifton Collins Jr.,16000,101785482,Action|Adventure|Sci-Fi,Charlie Hunnam,Pacific RimÂ ,381148,19166,Larry Joe Campbell,0,giant monster|kaiju|pilot|portal|robot,http://www.imdb.com/title/tt1663662/?ref_=fn_tt_tt_1,1106,English,USA,PG-13,190000000,2013,968,7,1.85,83000
Color,Guy Ritchie,362,116,0,104,Elizabeth Debicki,15000,45434443,Action|Adventure|Comedy,Henry Cavill,The Man from U.N.C.L.E.Â ,175960,15735,Christian Berkel,2,box office flop|cia agent|criminal organization|kgb agent|nuclear bomb,http://www.imdb.com/title/tt1638355/?ref_=fn_tt_tt_1,360,English,USA,PG-13,75000000,2015,509,7.3,2.35,43000
Color,Henry Selick,74,93,253,637,Bridget Fonda,3000,5409517,Animation|Comedy|Fantasy!,Brendan Fraser,MonkeyboneÂ ,14280,5580,Megan Mullally,0,carnival|coma|death|monkey|nightmare,http://www.imdb.com/title/tt0166276/?ref_=fn_tt_tt_1,171,English,USA,PG-13,75000000,2001,889,4.7,1.85,683
Color,Hideaki Anno,1,120,28,12,Shin'ya Tsukamoto,544,,Action|Adventure|Drama|Horror|Sci-Fi,Mark Chinnery,Godzilla ResurgenceÂ ,374,699,Atsuko Maeda,0,blood|godzilla|monster|sequel,http://www.imdb.com/title/tt4262980/?ref_=fn_tt_tt_1,13,Japanese,Japan,,,2016,106,8.2,2.35,0
Color,Hoyt Yeatman,145,88,12,182,Piper Mackenzie Harris,730,119420252,Action|Adventure|Animation|Comedy|Family|Fantasy|Sci-Fi,Kelli Garner,G-ForceÂ ,33042,2217,Niecy Nash,0,fbi director|guinea pig|household appliance|secret agent|talking mouse,http://www.imdb.com/title/tt0436339/?ref_=fn_tt_tt_1,90,English,USA,PG,150000000,2009,607,5.1,2.35,0
Color,J.J. Abrams,590,132,14000,928,Bruce Greenwood,19000,228756232,Action|Adventure|Sci-Fi,Benedict Cumberbatch,Star Trek Into DarknessÂ ,395573,21411,Noel Clarke,0,admiral|captain|manhunt|mission|space,http://www.imdb.com/title/tt1408101/?ref_=fn_tt_tt_1,1171,English,USA,PG-13,190000000,2013,981,7.8,2.35,92000
Color,Jacques Perrin,113,104,63,7,Jacques Perrin,67,19406406,Documentary|Drama,Pedro ArmendÃ¡riz Jr.,OceansÂ ,7630,152,Rie Miyazawa,0,damselfish|ocean habitat|ocean life|razorfish|spider crab,http://www.imdb.com/title/tt0765128/?ref_=fn_tt_tt_1,42,French,France,G,40000000,2009,63,7.8,2.35,0
Color,James Algar,129,74,11,62,Penn Jillette,340,60507228,Animation|Family|Fantasy|Music,Quincy Jones,Fantasia 2000Â ,27543,814,Russi Taylor,0,abstract|ark|disney|fairy tale|piano,http://www.imdb.com/title/tt0120910/?ref_=fn_tt_tt_1,186,English,USA,G,80000000,1999,243,7.3,1.78,607
Color,James Bobin,218,113,33,11000,Alan Rickman,40000,76846624,Adventure|Family|Fantasy!,Johnny Depp,Alice Through the Looking GlassÂ ,21352,80806,Anne Hathaway,1,clock|dark fantasy|mad hatter|queen|sequel,http://www.imdb.com/title/tt2567026/?ref_=fn_tt_tt_1,131,English,USA,PG,170000000,2016,25000,6.4,1.85,30000
Color,James Cameron,723,178,0,855,Joel David Moore,1000,760505847,Action|Adventure|Fantasy|Sci-Fi,CCH Pounder,AvatarÂ ,886204,4834,Wes Studi,0,avatar|future|marine|native|paraplegic,http://www.imdb.com/title/tt0499549/?ref_=fn_tt_tt_1,3054,English,USA,PG-13,237000000,2009,936,7.9,1.78,33000
Color,James Cameron,315,194,0,794,Kate Winslet,29000,658672302,Drama|Romance,Leonardo DiCaprio,TitanicÂ ,793059,45223,Gloria Stuart,0,artist|love|ship|titanic|wet,http://www.imdb.com/title/tt0120338/?ref_=fn_tt_tt_1,2528,English,USA,PG-13,200000000,1997,14000,7.7,2.35,26000
Color,James Gunn,653,121,571,3000,Vin Diesel,14000,333130696,Action|Adventure|Sci-Fi,Bradley Cooper,Guardians of the GalaxyÂ ,682155,32438,Djimon Hounsou,3,bounty hunter|outer space|raccoon|talking animal|tree,http://www.imdb.com/title/tt2015381/?ref_=fn_tt_tt_1,1097,English,USA,PG-13,170000000,2014,14000,8.1,2.35,96000
Color,James L. Brooks,124,131,274,138,Paz Vega,11000,42044321,Comedy|Drama|Romance,Adam Sandler,SpanglishÂ ,65668,12522,Sarah Steele,2,chef|college|housekeeper|letter|mexico,http://www.imdb.com/title/tt0371246/?ref_=fn_tt_tt_1,342,English,USA,PG-13,80000000,2004,964,6.5,1.85,0
Color,James Wan,424,140,0,14000,Paul Walker,26000,350034110,Action|Crime|Thriller,Jason Statham,Furious 7Â ,278232,79150,Vin Diesel,0,car falling off a cliff|hospital|revenge|star died before release|terrorist,http://www.imdb.com/title/tt2820852/?ref_=fn_tt_tt_1,657,English,USA,PG-13,190000000,2015,23000,7.2,2.35,94000
Color,Jean-Jacques Annaud,88,109,218,8,Jean-Claude Dreyfus,21,18947630,Adventure|Drama|Family,David Gant,Two BrothersÂ ,11798,55,Oanh Nguyen,0,circus|death of protagonist|jungle|killing an animal|tiger,http://www.imdb.com/title/tt0338512/?ref_=fn_tt_tt_1,124,English,France,PG,59660000,2004,17,7.1,2.35,2000
Color,Jerry Zucker,53,134,109,249,Ben Cross,919,37600435,Action|Adventure|Romance|Thriller,Julia Ormond,First KnightÂ ,55350,1695,John Gielgud,3,battle|king|king arthur|knight|marriage,http://www.imdb.com/title/tt0113071/?ref_=fn_tt_tt_1,180,English,USA,PG-13,55000000,1995,303,5.9,1.85,0
Color,Joe Dante,101,91,287,695,Jenna Elfman,3000,20950820,Adventure|Animation|Comedy|Family|Fantasy|Sci-Fi,Brendan Fraser,Looney Tunes: Back in ActionÂ ,24183,5593,Heather Locklear,4,diamond|duck|monkey|spy|stuntman,http://www.imdb.com/title/tt0318155/?ref_=fn_tt_tt_1,160,English,Germany,PG,80000000,2003,739,5.7,2.35,665
Color,Joe Johnston,140,136,394,1000,Viggo Mortensen,24000,67286731,Action|Adventure|Western!,J.K. Simmons,HidalgoÂ ,67856,36925,Peter Mensah,1,arab|cowboy|horse|race|sheik,http://www.imdb.com/title/tt0317648/?ref_=fn_tt_tt_1,345,English,USA,PG-13,100000000,2004,10000,6.7,2.35,0
Color,John Lasseter,304,106,487,776,Thomas Kretschmann,1000,191450875,Adventure|Animation|Comedy|Family|Sport,Joe Mantegna,Cars 2Â ,101178,4482,Eddie Izzard,0,best friend|car race|conspiracy|gadget car|spy,http://www.imdb.com/title/tt1216475/?ref_=fn_tt_tt_1,283,English,USA,G,200000000,2011,919,6.3,2.35,10000
Color,John Lasseter,256,117,487,769,Cheech Marin,1000,244052771,Adventure|Animation|Comedy|Family|Sport,John Ratzenberger,CarsÂ ,263853,4905,George Carlin,0,car|desert|route 66|tow truck|truck,http://www.imdb.com/title/tt0317219/?ref_=fn_tt_tt_1,584,English,USA,G,120000000,2006,843,7.2,2.35,0
Color,John Moore,114,113,212,568,Tony Curran,2000,21009180,Action|Adventure|Drama|Thriller,Dennis Quaid,Flight of the PhoenixÂ ,45815,4397,Miranda Otto,4,captain|desert|rescue|stranded|survivor,http://www.imdb.com/title/tt0377062/?ref_=fn_tt_tt_1,222,English,USA,PG-13,45000000,2004,845,6.1,2.35,1000
Color,John Singleton,150,107,309,771,Cole Hauser,23000,127083765,Action|Crime|Thriller,Paul Walker,2 Fast 2 FuriousÂ ,191912,25296,Mo Gallini,5,bust|racing|shotgun|street racing|undercover agent,http://www.imdb.com/title/tt0322259/?ref_=fn_tt_tt_1,370,English,USA,PG-13,76000000,2003,787,5.9,2.35,0
Color,Jon Favreau,486,126,4000,4000,Jeff Bridges,21000,318298180,Action|Adventure|Sci-Fi,Robert Downey Jr.,Iron ManÂ ,696338,39252,Jon Favreau,3,afghanistan|billionaire|inventor|playboy|u.s. air force,http://www.imdb.com/title/tt0371746/?ref_=fn_tt_tt_1,1055,English,USA,PG-13,140000000,2008,12000,7.9,2.35,10000
Color,Jon Favreau,370,106,4000,591,Bill Murray,19000,362645141,Adventure|Drama|Family|Fantasy,Scarlett Johansson,The Jungle BookÂ ,106072,32921,Garry Shandling,0,fire|jungle|remake|tiger|wolf,http://www.imdb.com/title/tt3040964/?ref_=fn_tt_tt_1,398,English,UK,PG,175000000,2016,13000,7.8,1.85,65000
Color,Jon Favreau,453,124,4000,4000,Scarlett Johansson,21000,312057433,Action|Adventure|Sci-Fi,Robert Downey Jr.,Iron Man 2Â ,522371,48638,Jon Favreau,4,hammer|military|monaco|revenge|tony stark,http://www.imdb.com/title/tt1228705/?ref_=fn_tt_tt_1,723,English,USA,PG-13,200000000,2010,19000,7,2.35,18000
Color,Jon Turteltaub,235,109,226,370,Omar Benson Miller,12000,63143812,Action|Adventure|Family|Fantasy,Nicolas Cage,The Sorcerer's ApprenticeÂ ,124185,13388,Robert Capron,0,chosen one|enchanted object|love|spell|training,http://www.imdb.com/title/tt0963966/?ref_=fn_tt_tt_1,238,English,USA,PG,150000000,2010,418,6.1,2.35,11000
Color,Jonathan Liebesman,310,99,473,502,Edgar RamÃ­rez,14000,83640426,Action|Adventure|Fantasy!,Liam Neeson,Wrath of the TitansÂ ,152826,16184,Lily James,0,ares|hades|titan|underworld|zeus,http://www.imdb.com/title/tt1646987/?ref_=fn_tt_tt_1,253,English,USA,PG-13,150000000,2012,897,5.8,1.85,19000
Color,Jonathan Mostow,280,109,84,191,M.C. Gainey,648,150350192,Action|Sci-Fi,Nick Stahl,Terminator 3: Rise of the MachinesÂ ,305340,1769,Carolyn Hennesy,0,drifter|exploding truck|future|machine|skynet,http://www.imdb.com/title/tt0181852/?ref_=fn_tt_tt_1,1676,English,USA,R,200000000,2003,284,6.4,2.35,0
Color,Jonathan Mostow,258,89,84,1000,Devin Ratray,13000,38542418,Action|Sci-Fi|Thriller,Bruce Willis,SurrogatesÂ ,151424,18132,Boris Kodjoe,5,android|fbi agent|future|murder|robot,http://www.imdb.com/title/tt0986263/?ref_=fn_tt_tt_1,252,English,USA,PG-13,80000000,2009,1000,6.3,2.35,0
Color,Joseph Kosinski,469,125,364,1000,Olivia Wilde,12000,172051787,Action|Adventure|Sci-Fi,Jeff Bridges,TRON: LegacyÂ ,264183,25550,James Frain,0,arcade|bridge|disappearance|escape|warrior,http://www.imdb.com/title/tt1104001/?ref_=fn_tt_tt_1,665,English,USA,PG,170000000,2010,10000,6.8,2.35,30000
Color,Joss Whedon,635,141,0,19000,Robert Downey Jr.,26000,458991599,Action|Adventure|Sci-Fi,Chris Hemsworth,Avengers: Age of UltronÂ ,462669,92000,Scarlett Johansson,4,artificial intelligence|based on comic book|captain america|marvel cinematic universe|superhero,http://www.imdb.com/title/tt2395427/?ref_=fn_tt_tt_1,1117,English,USA,PG-13,250000000,2015,21000,7.5,2.35,118000
Color,Joss Whedon,703,173,0,19000,Robert Downey Jr.,26000,623279547,Action|Adventure|Sci-Fi,Chris Hemsworth,The AvengersÂ ,995415,87697,Scarlett Johansson,3,alien invasion|assassin|battle|iron man|soldier,http://www.imdb.com/title/tt0848228/?ref_=fn_tt_tt_1,1722,English,USA,PG-13,220000000,2012,21000,8.1,1.85,123000
Color,Judd Apatow,230,153,0,130,RZA,11000,51814190,Comedy|Drama,Adam Sandler,Funny PeopleÂ ,100837,11852,Maude Apatow,1,breasts|comedian|craigslist|infidelity|stand up comedianA,http://www.imdb.com/title/tt1201167/?ref_=fn_tt_tt_1,301,English,USA,R,75000000,2009,561,6.4,1.85,0
Color,Justin Lin,322,122,681,105,Melissa Roxburgh,998,130468626,Action|Adventure|Sci-Fi|Thriller,Sofia Boutella,Star Trek BeyondÂ ,53607,1327,Lydia Wilson,4,hatred|sequel|space opera|star trek|third part,http://www.imdb.com/title/tt2660888/?ref_=fn_tt_tt_1,432,English,USA,PG-13,185000000,2016,119,7.5,2.35,30000
Color,Kenneth Branagh,516,115,0,12000,Natalie Portman,26000,181015141,Action|Adventure|Fantasy!,Chris Hemsworth,ThorÂ ,536314,60059,Anthony Hopkins,1,battle|marvel cinematic universe|scientist|thor|throne,http://www.imdb.com/title/tt0800369/?ref_=fn_tt_tt_1,738,English,USA,PG-13,150000000,2011,20000,7,2.35,63000
Color,Kevin Costner,79,177,0,582,Brian Anthony Wilson,766,17593391,Action|Adventure|Drama|Sci-Fi,Olivia Williams,The PostmanÂ ,56403,4346,Larenz Tate,1,drifter|escape|hope|postman|usa,http://www.imdb.com/title/tt0119925/?ref_=fn_tt_tt_1,376,English,USA,R,80000000,1997,674,6,2.35,0
Color,Kevin Reynolds,91,176,58,60,Rick Aviles,711,88246220,Action|Adventure|Sci-Fi|Thriller,Jeanne Tripplehorn,WaterworldÂ ,144337,1004,Zakes Mokae,0,future|sail|sea|smoker|water,http://www.imdb.com/title/tt0114898/?ref_=fn_tt_tt_1,309,English,USA,PG-13,175000000,1995,60,6.1,1.85,0
Color,Kyle Balda,308,91,22,1000,Jon Hamm,7000,336029560,Action|Animation|Comedy|Family|Sci-Fi,Steve Carell,MinionsÂ ,142403,13616,Steve Coogan,0,antarctica|minion|queen|super villain|villain,http://www.imdb.com/title/tt2293640/?ref_=fn_tt_tt_1,275,English,USA,PG,74000000,2015,4000,6.4,1.85,70000
Color,Lana Wachowski,384,127,0,13000,Mila Kunis,17000,47375327,Action|Adventure|Sci-Fi,Channing Tatum,Jupiter AscendingÂ ,139593,47334,Eddie Redmayne,1,box office flop|critically bashed|planet earth|space opera|woman in bra and panties,http://www.imdb.com/title/tt1617661/?ref_=fn_tt_tt_1,720,English,USA,PG-13,176000000,2015,15000,5.4,2.35,44000
Color,Lana Wachowski,245,129,0,233,Collin Chou,309,139259759,Action|Sci-Fi,Essie Davis,The Matrix RevolutionsÂ ,364948,1062,Nona Gaye,0,battle|epic|fight|future|machine,http://www.imdb.com/title/tt0242653/?ref_=fn_tt_tt_1,2121,English,Australia,R,150000000,2003,269,6.7,2.35,0
Color,Lana Wachowski,275,138,0,30,Daniel Bernhardt,234,281492479,Action|Sci-Fi,Steve Bastoni,The Matrix ReloadedÂ ,421818,534,Helmut Bakaitis,0,car motorcycle chase|one against many|oracle|prophecy|stylized violence,http://www.imdb.com/title/tt0234215/?ref_=fn_tt_tt_1,2789,English,USA,R,150000000,2003,198,7.2,2.35,0
Color,Lee Tamahori,95,117,93,904,Harold Perrineau,12000,27779888,Action|Adventure|Drama|Thriller,Anthony Hopkins,The EdgeÂ ,55913,14831,Bart the Bear,2,bear|billionaire|crash|survival tactics|wilderness,http://www.imdb.com/title/tt0119051/?ref_=fn_tt_tt_1,182,English,USA,R,,1997,1000,6.9,2.35,0
Color,Lee Unkrich,453,103,125,721,John Ratzenberger,15000,414984497,Adventure|Animation|Comedy|Family|Fantasy,Tom Hanks,Toy Story 3Â ,544884,19085,Don Rickles,3,college|day care|escape|teddy bear|toy,http://www.imdb.com/title/tt0435761/?ref_=fn_tt_tt_1,733,English,USA,G,200000000,2010,1000,8.3,1.85,30000
Color,Louis Leterrier,384,125,255,963,Common,11000,117698894,Crime|Mystery|Thriller,Morgan Freeman,Now You See MeÂ ,447979,13312,Michael Kelly,6,bank|fbi|heist|interpol|magician,http://www.imdb.com/title/tt1670345/?ref_=fn_tt_tt_1,629,English,USA,PG-13,75000000,2013,988,7.3,2.35,105000
Color,Luc Besson,101,94,0,14,Adam LeFevre,563,15131330,Adventure|Animation|Family|Fantasy,Mia Farrow,Arthur and the InvisiblesÂ ,25843,683,Penny Balfour,0,boy|debt|garden|princess|treasure,http://www.imdb.com/title/tt0344854/?ref_=fn_tt_tt_1,64,English,France,PG,86000000,2006,80,6,2.35,941
Color,Lucile Hadzihalilovic,63,81,92,8,Roxane Duran,23,,Drama|Horror|Mystery|Sci-Fi,Nissim Renard,EvolutionÂ ,979,54,Julie-Marie Parmentier,0,boy|giving birth|nurse|sea|ultrasonography,http://www.imdb.com/title/tt4291590/?ref_=fn_tt_tt_1,3,French,France,,,2015,21,6.4,2.35,257
Color,M. Night Shyamalan,294,106,0,963,Bruce Willis,18000,94999143,Drama|Mystery|Sci-Fi|Thriller,Robin Wright,UnbreakableÂ ,245152,33645,Michael Kelly,0,child with gun|comic book|invulnerability|superhero|train crash,http://www.imdb.com/title/tt0217869/?ref_=fn_tt_tt_1,1344,English,USA,PG-13,75000000,2000,13000,7.2,2.35,0
Color,M. Night Shyamalan,261,108,0,882,Judy Greer,3000,114195633,Drama|Mystery|Romance|Thriller,Bryce Dallas Howard,The VillageÂ ,193770,7273,William Hurt,0,creature|pact|plot twist|village|woods,http://www.imdb.com/title/tt0368447/?ref_=fn_tt_tt_1,2003,English,USA,PG-13,60000000,2004,2000,6.5,1.85,0
Color,M. Night Shyamalan,208,106,0,242,Merritt Wever,710,227965690,Drama|Sci-Fi|Thriller,Rory Culkin,SignsÂ ,271592,1675,Cherry Jones,0,crop circle|faith|farm|glass of water|loss of faith,http://www.imdb.com/title/tt0286106/?ref_=fn_tt_tt_1,2335,English,USA,PG-13,72000000,2002,529,6.7,1.85,0
Color,Marc Forster,403,106,395,393,Mathieu Amalric,451,168368427,Action|Adventure,Giancarlo Giannini,Quantum of SolaceÂ ,330784,2023,Rory Kinnear,1,action hero|attempted rape|bond girl|official james bond series|revenge,http://www.imdb.com/title/tt0830515/?ref_=fn_tt_tt_1,1243,English,UK,PG-13,200000000,2008,412,6.7,2.35,0
Color,Marc Forster,654,123,395,1000,Brad Pitt,17000,202351611,Action|Adventure|Horror|Sci-Fi|Thriller,Peter Capaldi,World War ZÂ ,465019,32392,Mireille Enos,0,chaos|disease|infection|pandemic|zombie,http://www.imdb.com/title/tt0816711/?ref_=fn_tt_tt_1,995,English,USA,PG-13,190000000,2013,11000,7,2.35,129000
Color,Marc Webb,599,153,464,963,Andrew Garfield,15000,262030663,Action|Adventure|Fantasy!,Emma Stone,The Amazing Spider-ManÂ ,451803,28489,Chris Zylka,0,lizard|outcast|spider|spider man|teenager,http://www.imdb.com/title/tt0948470/?ref_=fn_tt_tt_1,1225,English,USA,PG-13,230000000,2012,10000,7,2.35,56000
Color,Marc Webb,495,142,464,825,Andrew Garfield,15000,202853933,Action|Adventure|Fantasy|Sci-Fi,Emma Stone,The Amazing Spider-Man 2Â ,321227,28631,B.J. Novak,0,costumed hero|death of girlfriend|masked vigilante|returning character killed off|teenager,http://www.imdb.com/title/tt1872181/?ref_=fn_tt_tt_1,1067,English,USA,PG-13,200000000,2014,10000,6.7,2.35,41000
Color,Mark Andrews,488,93,56,838,John Ratzenberger,2000,237282182,Adventure|Animation|Comedy|Family|Fantasy,Kelly Macdonald,BraveÂ ,273556,5005,Julie Walters,0,archery|coming of age|female warrior|princess|rebellious daughter,http://www.imdb.com/title/tt1217209/?ref_=fn_tt_tt_1,428,English,USA,PG,185000000,2012,1000,7.2,2.35,39000
Color,Mark Osborne,119,108,54,6000,James Franco,12000,1339152,Adventure|Animation|Drama|Family|Fantasy!,Jeff Bridges,The Little PrinceÂ ,28276,30230,Mackenzie Foy,1,aviator|based on book|girl|little girl|the little princeA,http://www.imdb.com/title/tt1754656/?ref_=fn_tt_tt_1,64,English,France,PG,81200000,2015,11000,7.8,2.35,31000
Color,Martin Campbell,436,123,258,326,Temuera Morrison,16000,116593191,Action|Adventure|Sci-Fi,Ryan Reynolds,Green LanternÂ ,223393,17657,Taika Waititi,2,autopsy|lantern|planet|ring|test pilot,http://www.imdb.com/title/tt1133985/?ref_=fn_tt_tt_1,550,English,USA,PG-13,200000000,2011,368,5.6,2.35,24000
Color,Martin Campbell,137,129,258,163,Nick Chinlund,2000,45356386,Action|Adventure|Western!,Michael Emerson,The Legend of ZorroÂ ,71574,2864,Adrian Alonso,1,california|fight|hero|mask|zorro,http://www.imdb.com/title/tt0386140/?ref_=fn_tt_tt_1,244,Spanish,USA,PG,75000000,2005,277,5.9,2.35,951
Color,Martin Campbell,134,124,258,748,Scott Glenn,867,68473360,Action|Adventure|Drama|Thriller,Nicholas Lea,Vertical LimitÂ ,49536,3424,Ben Mendelsohn,0,death|die hard scenario|k2|rescue|urination,http://www.imdb.com/title/tt0190865/?ref_=fn_tt_tt_1,379,English,USA,PG-13,75000000,2000,826,5.9,1.85,0
Color,Martin Scorsese,682,126,17000,1000,Christopher Lee,17000,73820094,Adventure|Drama|Family|Mystery,ChloÃ« Grace Moretz,HugoÂ ,245333,36017,Ray Winstone,0,automaton|mechanical|railway station|steampunk|train,http://www.imdb.com/title/tt0970179/?ref_=fn_tt_tt_1,678,English,USA,PG,170000000,2011,16000,7.5,1.85,42000
Color,Matt Reeves,521,130,198,884,Judy Greer,10000,208543795,Action|Adventure|Drama|Sci-Fi,Gary Oldman,Dawn of the Planet of the ApesÂ ,317542,14363,Kodi Smit-McPhee,0,ape|dam|leader|post apocalypse|sequel,http://www.imdb.com/title/tt2103281/?ref_=fn_tt_tt_1,620,English,USA,PG-13,170000000,2014,2000,7.6,1.85,45000
Color,Matthew Vaughn,500,132,905,1000,Michael Fassbender,34000,146405371,Action|Adventure|Sci-Fi,Jennifer Lawrence,X-Men: First ClassÂ ,518537,50983,Oliver Platt,3,cia|cia agent|mutant|nuclear war|professor,http://www.imdb.com/title/tt1270798/?ref_=fn_tt_tt_1,698,English,USA,PG-13,160000000,2011,13000,7.8,2.35,54000
Color,McG,422,118,368,988,Bryce Dallas Howard,23000,125320003,Action|Adventure|Sci-Fi,Christian Bale,Terminator SalvationÂ !,286095,27468,Common,0,death row|future|machine|rescue|skynet,http://www.imdb.com/title/tt0438488/?ref_=fn_tt_tt_1,974,English,USA,PG-13,200000000,2009,3000,6.6,2.35,0
Color,Mel Gibson,132,178,0,403,Patrick McGoohan,906,75600000,Biography|Drama|History|War,Mhairi Calvey,BraveheartÂ ,736638,1976,James Robinson,1,14th century|legend|revolt|scotland|tyranny,http://www.imdb.com/title/tt0112573/?ref_=fn_tt_tt_1,1065,English,USA,R,72000000,1995,466,8.4,2.35,17000
Color,Michael Apted,228,113,150,59,Shane Rangi,531,104383624,Adventure|Family|Fantasy!,Bruce Spence,The Chronicles of Narnia: The Voyage of the Dawn TreaderÂ ,106446,764,Laura Brent,4,dragon|king|mouse|quest|warrior,http://www.imdb.com/title/tt0980970/?ref_=fn_tt_tt_1,227,English,USA,PG,155000000,2010,82,6.3,1.78,11000
Color,Michael Bay,366,150,0,464,Kevin Dunn,894,402076689,Action|Adventure|Sci-Fi,Glenn Morshower,Transformers: Revenge of the FallenÂ ,323207,3218,Ramon Rodriguez,0,autobot|decepticon|machine|sun|symbol,http://www.imdb.com/title/tt1055369/?ref_=fn_tt_tt_1,1439,English,USA,PG-13,200000000,2009,581,6,2.35,0
Color,Michael Bay,378,165,0,808,Sophia Myles,974,245428137,Action|Adventure|Sci-Fi,Bingbing Li,Transformers: Age of ExtinctionÂ ,242420,3988,Kelsey Grammer,2,blockbuster|bumblebee the character|semi truck and trailer|texas|truck,http://www.imdb.com/title/tt2109248/?ref_=fn_tt_tt_1,918,English,USA,PG-13,210000000,2014,956,5.7,2.35,56000
Color,Michael Bay,428,154,0,581,Lester Speight,894,352358779,Action|Adventure|Sci-Fi,Glenn Morshower,Transformers: Dark of the MoonÂ ,326180,2593,Kevin Dunn,2,autobot|decepticon|job interview|moon|spacecraft,http://www.imdb.com/title/tt1399103/?ref_=fn_tt_tt_1,899,English,USA,PG-13,195000000,2011,829,6.3,2.35,46000
 Black and White,Michael Bay,191,184,0,691,Jaime King,3000,198539855,Action|Drama|History|Romance|War,Jennifer Garner,Pearl HarborÂ ,254111,5401,Mako,0,air raid|black smoke|japanese military|japanese navy|sunday,http://www.imdb.com/title/tt0213149/?ref_=fn_tt_tt_1,1999,English,USA,PG-13,140000000,2001,961,6.1,2.35,0
Color,Michael Bay,396,144,0,581,Michael O'Neill,662,318759914,Action|Adventure|Sci-Fi,Zack Ward,TransformersÂ ,513158,2333,Kevin Dunn,0,alien contact|autobot|decepticon|robot vs. robot|teenage hero,http://www.imdb.com/title/tt0418279/?ref_=fn_tt_tt_1,1782,English,USA,PG-13,150000000,2007,599,7.1,2.35,8000
Color,Michael Bay,122,136,0,904,Michael Biehn,12000,134006721,Action|Adventure|Thriller,Nicolas Cage,The RockÂ ,259492,15999,Bokeem Woodbine,1,alcatraz|fbi|general|hostage|rocket,http://www.imdb.com/title/tt0117500/?ref_=fn_tt_tt_1,415,English,USA,R,75000000,1996,2000,7.4,2.35,51000
Color,Mike Mitchell,226,93,31,213,Kathy Griffin,4000,238371987,Adventure|Animation|Comedy|Family|Fantasy,Jon Hamm,Shrek Forever AfterÂ ,138661,4628,Mary Kay Place,2,alternate world|fairy tale parody|female warrior|ogre|true love,http://www.imdb.com/title/tt0892791/?ref_=fn_tt_tt_1,173,English,USA,PG,165000000,2010,225,6.4,2.35,0
Color,Mike Newell,306,116,179,236,Richard Coyle,15000,90755643,Action|Adventure|Fantasy|Romance,Jake Gyllenhaal,Prince of Persia: The Sands of TimeÂ ,222403,16149,Reece Ritchie,2,alamut|dagger|king|persia|princess,http://www.imdb.com/title/tt0473075/?ref_=fn_tt_tt_1,453,English,USA,PG-13,200000000,2010,567,6.6,2.35,23000
Color,Mike Newell,295,157,179,10000,Daniel Radcliffe,21000,289994397,Adventure|Family|Fantasy|Mystery,Robert Pattinson,Harry Potter and the Goblet of FireÂ ,385670,53413,Rupert Grint,1,fire|goblet|magic|tournament|wizard,http://www.imdb.com/title/tt0330373/?ref_=fn_tt_tt_1,1896,English,UK,PG-13,150000000,2005,11000,7.6,2.35,0
Color,Mike Nichols,269,102,0,15000,Tom Hanks,22000,66636385,Biography|Comedy|Drama|History,Philip Seymour Hoffman,Charlie Wilson's WarÂ !,88451,60646,Jud Tylor,1,afghanistan|arms dealer|based on true story|cia|texas,http://www.imdb.com/title/tt0472062/?ref_=fn_tt_tt_1,289,English,USA,R,75000000,2007,15000,7.1,1.85,0
Color,Nathan Greno,324,100,15,284,Donna Murphy,799,200807262,Adventure|Animation|Comedy|Family|Fantasy|Musical|Romance,Brad Garrett,TangledÂ ,294810,2036,M.C. Gainey,1,17th century|based on fairy tale|disney|flower|tower,http://www.imdb.com/title/tt0398286/?ref_=fn_tt_tt_1,387,English,USA,PG,260000000,2010,553,7.8,1.85,29000
Color,Oliver Hirschbiegel,232,99,101,327,Veronica Cartwright,1000,15071514,Sci-Fi|Thriller,Roger Rees,The InvasionÂ ,65037,2323,Jeremy Northam,2,alien|epidemic|psychiatrist|space shuttle|virus,http://www.imdb.com/title/tt0427392/?ref_=fn_tt_tt_1,273,English,USA,PG-13,80000000,2007,422,5.9,1.85,0
Color,Oliver Stone,248,206,0,591,Angelina Jolie Pitt,12000,34293771,Action|Adventure|Biography|Drama|History|Romance|War,Anthony Hopkins,AlexanderÂ ,138863,24598,Brian Blessed,3,ancient greece|conquest|greek|greek myth|king,http://www.imdb.com/title/tt0346491/?ref_=fn_tt_tt_1,1390,English,Germany,R,155000000,2004,11000,5.5,2.35,0
Color,Paul W.S. Anderson,272,105,545,74,Currie Graham,795,23219748,Action|Adventure|Drama|History|Romance,Sasha Roiz,PompeiiÂ ,84508,1099,Dylan Schombing,0,arena|lava bomb|mount vesuvius|pompeii|slave,http://www.imdb.com/title/tt1921064/?ref_=fn_tt_tt_1,308,English,Canada,PG-13,80000000,2014,172,5.6,2.35,20000
Color,Paul W.S. Anderson,67,99,545,533,Sean Pertwee,933,14567883,Action|Drama|Sci-Fi,Connie Nielsen,SoldierÂ ,44248,2542,Jason Scott Lee,1,crash survivor|planet|sergeant|soldier|survivor,http://www.imdb.com/title/tt0120157/?ref_=fn_tt_tt_1,373,English,UK,R,75000000,1998,722,6,2.35,0
Color,Pete Docter,408,96,0,262,Delroy Lindo,1000,292979556,Adventure|Animation|Comedy|Family,John Ratzenberger,UpÂ ,665575,2635,Jess Harnell,1,balloon|house|promise|retirement|skeleton,http://www.imdb.com/title/tt1049413/?ref_=fn_tt_tt_1,704,English,USA,PG,175000000,2009,848,8.3,1.85,27000
Color,Pete Docter,536,95,0,384,Mindy Kaling,1000,356454367,Adventure|Animation|Comedy|Drama|Family|Fantasy,Amy Poehler,Inside OutÂ ,345198,2944,Phyllis Smith,1,anger|joy|memory|running away|sadness,http://www.imdb.com/title/tt2096673/?ref_=fn_tt_tt_1,773,English,USA,PG,175000000,2015,767,8.3,1.85,118000
Color,Peter Berg,377,131,532,627,Alexander SkarsgÃ¥rd,14000,65173160,Action|Adventure|Sci-Fi|Thriller,Liam Neeson,BattleshipÂ ,202382,26679,Tadanobu Asano,0,box office flop|hawaii|naval|oahu hawaii|ship,http://www.imdb.com/title/tt1440129/?ref_=fn_tt_tt_1,751,English,USA,PG-13,209000000,2012,10000,5.9,2.35,44000
Color,Peter Berg,318,102,532,979,Charlize Theron,10000,227946274,Action|Drama,Will Smith,HancockÂ ,343648,21584,Eddie Marsan,0,bully comeuppance|destruction|prison|superhero|tough girl,http://www.imdb.com/title/tt0448157/?ref_=fn_tt_tt_1,590,English,USA,PG-13,150000000,2008,9000,6.4,2.35,0
Color,Peter Berg,234,110,532,461,Frances Fisher,3000,47456450,Action|Drama|Thriller,Jennifer Garner,The KingdomÂ ,101386,5187,Tim McGraw,1,al qaeda|bomb making|fbi|saudi arabia|stabbed in the crotch,http://www.imdb.com/title/tt0431197/?ref_=fn_tt_tt_1,289,English,USA,R,70000000,2007,638,7.1,2.35,0
Color,Peter Hyams,113,102,0,212,Catherine McCormack,1000,1891821,Action|Adventure|Horror|Sci-Fi|Thriller,David Oyelowo,A Sound of ThunderÂ ,16474,1890,Jemima Rooper,0,butterfly|hunter|time|time travel|wave,http://www.imdb.com/title/tt0318081/?ref_=fn_tt_tt_1,301,English,UK,PG-13,52000000,2005,307,4.2,2.35,785
Color,Peter Jackson,422,164,0,773,Adam Brown,5000,255108370,Adventure|Fantasy,Aidan Turner,The Hobbit: The Battle of the Five ArmiesÂ ,354228,9152,James Nesbitt,0,army|elf|hobbit|middle earth|orc,http://www.imdb.com/title/tt2310332/?ref_=fn_tt_tt_1,802,English,New Zealand,PG-13,250000000,2014,972,7.5,2.35,65000
Color,Peter Jackson,509,186,0,773,Adam Brown,5000,258355354,Adventure|Fantasy,Aidan Turner,The Hobbit: The Desolation of SmaugÂ ,483540,9152,James Nesbitt,6,dwarf|elf|lake town|mountain|sword and sorcery,http://www.imdb.com/title/tt1170358/?ref_=fn_tt_tt_1,951,English,USA,PG-13,225000000,2013,972,7.9,2.35,83000
Color,Peter Jackson,446,201,0,84,Thomas Kretschmann,6000,218051260,Action|Adventure|Drama|Romance,Naomi Watts,King KongÂ ,316018,7123,Evan Parke,0,animal name in title|ape abducts a woman|gorilla|island|king kong,http://www.imdb.com/title/tt0360717/?ref_=fn_tt_tt_1,2618,English,New Zealand,PG-13,207000000,2005,919,7.2,2.35,0
Color,Peter Jackson,645,182,0,773,Adam Brown,5000,303001229,Adventure|Fantasy,Aidan Turner,The Hobbit: An Unexpected JourneyÂ ,637246,9152,James Nesbitt,,dragon|dwarf|hobbit|orc|wizard,http://www.imdb.com/title/tt0903624/?ref_=fn_tt_tt_1,1367,English,USA,PG-13,180000000,2012,972,7.9,2.35,166000
Color,Peter Segal,147,99,88,328,Peter Dante,11000,120776832,Comedy|Romance,Adam Sandler,50 First DatesÂ ,266103,12952,Allen Covert,2,dream|hawaii|hawaiian shirt|short term memory loss|veterinarian,http://www.imdb.com/title/tt0343660/?ref_=fn_tt_tt_1,456,English,USA,PG-13,75000000,2004,427,6.8,2.35,11000
Color,Peter Sohn,298,93,113,113,Jack McGraw,275,123070338,Adventure|Animation|Comedy|Family|Fantasy,A.J. Buckley,The Good DinosaurÂ ,62836,696,Peter Sohn,0,apatosaurus|asteroid|dinosaur|fear|riverA,http://www.imdb.com/title/tt1979388/?ref_=fn_tt_tt_1,345,English,USA,PG,,2015,150,6.8,2.35,20000
Color,Pierre Coffin,306,98,275,1000,Miranda Cosgrove,7000,368049635,Animation|Comedy|Family|Sci-Fi,Steve Carell,Despicable Me 2Â ,286877,11905,Steve Coogan,0,dating|minion|overprotective father|undercover spy|woman agent,http://www.imdb.com/title/tt1690953/?ref_=fn_tt_tt_1,284,English,USA,PG,76000000,2013,2000,7.5,1.85,56000
Color,Renny Harlin,167,125,212,394,Alan Ford,613,41814863,Horror|Mystery|Thriller,James D'Arcy,Exorcist: The BeginningÂ ,28635,1970,Izabella Scorupco,0,archeologist|church|excavation|faith|relic,http://www.imdb.com/title/tt0204313/?ref_=fn_tt_tt_1,308,English,USA,R,50000000,2004,422,5.1,2,893
Color,Renny Harlin,109,116,212,462,Estella Warren,13000,32616869,Action|Drama|Sport,Sylvester Stallone,DrivenÂ ,34435,14780,CristiÃ¡n de la Fuente!,0,car race|german|race car|race car driver|rookie,http://www.imdb.com/title/tt0132245/?ref_=fn_tt_tt_1,346,English,USA,PG-13,72000000,2001,658,4.5,2.35,886
Color,Rich Moore,377,101,66,833,Sarah Silverman,975,189412677,Adventure|Animation|Comedy|Family|Sci-Fi!,Jack McBrayer,Wreck-It RalphÂ ,272534,4451,Joe Lo Truglio,1,arcade|candy|glitch|king|medal,http://www.imdb.com/title/tt1772341/?ref_=fn_tt_tt_1,345,English,USA,PG,165000000,2012,931,7.8,2.35,40000
Color,Richard Donner,123,116,503,982,Gerard Butler,23000,19480739,Action|Adventure|Sci-Fi,Paul Walker,TimelineÂ ,53057,43887,Ethan Embry,0,castle|france|professor|student|time machine,http://www.imdb.com/title/tt0300556/?ref_=fn_tt_tt_1,457,English,USA,PG-13,80000000,2003,18000,5.6,2.35,0
Color,Ridley Scott,343,156,0,738,William Hurt,891,105219735,Action|Adventure|Drama|History,Mark Addy,Robin HoodÂ ,211765,3244,Scott Grimes,0,1190s|archer|england|king of england|robin hood,http://www.imdb.com/title/tt0955308/?ref_=fn_tt_tt_1,546,English,USA,PG-13,200000000,2010,882,6.7,2.35,17000
Color,Rob Cohen,264,112,357,595,Brendan Fraser,5000,102176165,Action|Adventure|Fantasy|Horror|Thriller!,Jet Li,The Mummy: Tomb of the Dragon EmperorÂ ,117927,9131,Russell Wong,2,army|china|emperor|mummy|shangri la,http://www.imdb.com/title/tt0859163/?ref_=fn_tt_tt_1,501,English,USA,PG-13,145000000,2008,3000,5.2,2.35,0
Color,Rob Cohen,187,106,357,4000,Vin Diesel,23000,144512310,Action|Crime|Thriller,Paul Walker,The Fast and the FuriousÂ ,272223,45327,Jordana Brewster,2,eighteen wheeler|illegal street racing|truck|trucker|undercover cop,http://www.imdb.com/title/tt0232500/?ref_=fn_tt_tt_1,988,English,USA,PG-13,38000000,2001,14000,6.7,2.35,14000
Color,Rob Cohen,61,114,357,366,Viggo Mortensen,13000,32885565,Action|Adventure|Drama|Thriller,Sylvester Stallone,DaylightÂ ,53132,25126,Amy Brenneman,0,collapsing tunnel|explosion|new jersey|tunnel|weimaranerA,http://www.imdb.com/title/tt0116040/?ref_=fn_tt_tt_1,101,English,USA,PG-13,80000000,1996,10000,5.8,1.85,0
Color,Rob Letterman,219,94,11,459,Rainn Wilson,1000,198332128,Action|Adventure|Animation|Comedy|Family|Sci-Fi,Amy Poehler,Monsters vs. AliensÂ ,114553,2579,Stephen Colbert,2,alien|alien invasion|alien space craft|giant|giantess,http://www.imdb.com/title/tt0892782/?ref_=fn_tt_tt_1,187,English,USA,PG,175000000,2009,973,6.5,2.35,0
Color,Rob Marshall,448,136,252,1000,Sam Claflin,40000,241063875,Action|Adventure|Fantasy!,Johnny Depp,Pirates of the Caribbean: On Stranger TidesÂ ,370704,54083,Stephen Graham,4,blackbeard|captain|pirate|revenge|soldier,http://www.imdb.com/title/tt1298650/?ref_=fn_tt_tt_1,484,English,USA,PG-13,250000000,2011,11000,6.7,2.35,58000
 Black and White,Rob Marshall,205,118,252,30,Elio Germano,529,19673424,Drama|Musical|Romance,Fergie,NineÂ ,37446,619,Andrea Di Stefano,4,based on stage musical based on film|child abuse|film director|italian|mistress,http://www.imdb.com/title/tt0875034/?ref_=fn_tt_tt_1,232,English,USA,PG-13,80000000,2009,48,5.8,2.35,0
Color,Robert Luketic,140,100,126,925,Lisa Ann Walter,19000,47000485,Action|Comedy|Romance|Thriller,Tom Selleck,KillersÂ ,72867,25206,Catherine O'Hara,2,hired killer|marriage|neighbor|on the run|store clerk,http://www.imdb.com/title/tt1103153/?ref_=fn_tt_tt_1,120,English,USA,PG-13,75000000,2010,1000,5.4,2.35,0
Color,Robert Stromberg,401,97,171,846,Sharlto Copley,11000,241407328,Action|Adventure|Family|Fantasy|Romance,Angelina Jolie Pitt,MaleficentÂ ,252257,15516,Sam Riley,2,curse|dark fantasy|fairy|king|kingdom,http://www.imdb.com/title/tt1587310/?ref_=fn_tt_tt_1,634,English,USA,PG,180000000,2014,2000,7,2.35,89000
Color,Robert Zemeckis,240,96,0,10000,Colin Firth,18000,137850096,Animation|Drama|Family|Fantasy,Robin Wright,A Christmas CarolÂ ,72809,48878,Gary Oldman,0,charles dickens|christmas|christmas eve|ghost|scrooge,http://www.imdb.com/title/tt1067106/?ref_=fn_tt_tt_1,249,English,USA,PG,200000000,2009,14000,6.8,2.35,0
Color,Robert Zemeckis,188,100,0,267,Eddie Deezen,15000,665426,Adventure|Animation|Family|Fantasy,Tom Hanks,The Polar ExpressÂ ,120798,16264,Peter Scolari,0,boy|christmas|christmas eve|north pole|train,http://www.imdb.com/title/tt0338348/?ref_=fn_tt_tt_1,444,English,USA,G,165000000,2004,726,6.6,2.35,10000
Color,Roger Allers,186,73,28,847,Nathan Lane,2000,422783777,Adventure|Animation|Drama|Family|Musical!,Matthew Broderick,The Lion KingÂ ,644348,6458,Niketa Calame,0,king|prince|scar|uncle|unnecessary guiltA,http://www.imdb.com/title/tt0110357/?ref_=fn_tt_tt_1,656,English,USA,G,45000000,1994,886,8.5,1.66,17000
Color,Roger Christian,174,119,64,41,Michael Byrne,743,21471685,Action|Adventure|Sci-Fi,Richard Tyson,Battlefield EarthÂ ,65464,971,John Topor,0,alien|bad acting|pulp fiction|resistance fighter|voyager golden record,http://www.imdb.com/title/tt0185183/?ref_=fn_tt_tt_1,1308,English,USA,PG-13,44000000,2000,117,2.4,2.35,0
Color,Roger Donaldson,162,145,79,183,Jon Foster,981,34566746,Drama|History|Thriller,Bruce Greenwood,Thirteen DaysÂ ,45231,1825,Bruce Thomas,1,blockade|crisis|cuba|missile|president,http://www.imdb.com/title/tt0146309/?ref_=fn_tt_tt_1,315,English,USA,PG-13,80000000,2000,274,7.3,1.85,0
Color,Roland Emmerich,367,158,776,310,Liam James,1000,166112167,Action|Adventure|Sci-Fi,Oliver Platt,2012,283418,2144,Tom McCarthy,0,ark|catastrophe|geologist|president|writer,http://www.imdb.com/title/tt1190080/?ref_=fn_tt_tt_1,1055,English,USA,PG-13,200000000,2009,468,5.8,2.35,13000
Color,Roland Emmerich,286,120,776,535,Sela Ward,890,102315545,Action|Adventure|Sci-Fi,Vivica A. Fox,Independence Day: ResurgenceÂ ,58137,3233,Judd Hirsch,0,alien|battle|defense|independence day|mothership,http://www.imdb.com/title/tt1628841/?ref_=fn_tt_tt_1,520,English,USA,PG-13,165000000,2016,812,5.5,2.35,67000
Color,Roland Emmerich,185,154,776,933,Adam Baldwin,10000,306124059,Action|Adventure|Sci-Fi,Will Smith,Independence DayÂ ,430055,16785,Mary McDonnell,0,alien|area 51|military|spacecraft|spaceship,http://www.imdb.com/title/tt0116629/?ref_=fn_tt_tt_1,856,English,USA,PG-13,75000000,1996,2000,6.9,2.35,16000
Color,Roland JoffÃ©,10,109,596,283,Alice Englert,622,,Action|Adventure|Romance|Sci-Fi,Tamsin Egerton,The LoversÂ ,2138,1982,Bipasha Basu,3,1770s|british india|great barrier reef|india|ring,http://www.imdb.com/title/tt1321869/?ref_=fn_tt_tt_1,15,English,Belgium,R,,2015,525,4.5,,677
Color,Ron Howard,298,146,2000,294,Ayelet Zurer,15000,133375846,Mystery|Thriller,Tom Hanks,Angels & DemonsÂ ,207839,16948,Armin Mueller-Stahl,2,conclave|illuminati|murder|reference to bernini|reference to raphael,http://www.imdb.com/title/tt0808151/?ref_=fn_tt_tt_1,435,English,USA,PG-13,150000000,2009,745,6.7,2.35,0
Color,Ron Howard,205,135,2000,535,Austin Pendleton,1000,170708996,Biography|Drama,Adam Goldberg,A Beautiful MindÂ ,610568,2827,Judd Hirsch,0,conspiracy|cryptography|mathematician|mental illness|nobel prize,http://www.imdb.com/title/tt0268978/?ref_=fn_tt_tt_1,1171,English,USA,PG-13,58000000,2001,592,8.2,1.85,29000
Color,Ron Shelton,132,116,41,541,Bruce Greenwood,11000,30013346,Action|Comedy|Crime|Thriller,Harrison Ford,Hollywood HomicideÂ ,31293,14028,Lena Olin,2,audition|kissing while having sex|machismo|murder|sex,http://www.imdb.com/title/tt0329717/?ref_=fn_tt_tt_1,254,English,USA,PG-13,75000000,2003,982,5.3,2.35,648
Color,Ron Underwood,35,114,31,372,Mika Boorem,9000,50628009,Action|Adventure|Family|Fantasy|Thriller!,Charlize Theron,Mighty Joe YoungÂ ,22955,10731,David Paymer,0,animal|california|gorilla|hunter|poacherA,http://www.imdb.com/title/tt0120751/?ref_=fn_tt_tt_1,88,English,USA,PG,90000000,1998,496,5.6,1.85,0
Color,Rupert Sanders,416,132,274,11000,Kristen Stewart,26000,155111815,Action|Adventure|Drama|Fantasy,Chris Hemsworth,Snow White and the HuntsmanÂ ,228554,72881,Sam Claflin,0,evil queen|fairy tale|magic|queen|snow white,http://www.imdb.com/title/tt1735898/?ref_=fn_tt_tt_1,710,English,USA,PG-13,170000000,2012,17000,6.1,2.35,53000
Color,Sam Mendes,602,148,0,161,Rory Kinnear,11000,200074175,Action|Adventure|Thriller,Christoph Waltz,SpectreÂ ,275868,11700,Stephanie Sigman,1,bomb|espionage|sequel|spy|terrorist,http://www.imdb.com/title/tt2379713/?ref_=fn_tt_tt_1,994,English,UK,PG-13,245000000,2015,393,6.8,2.35,85000
Color,Sam Mendes,750,143,0,393,Helen McCrory,883,304360277,Action|Adventure|Thriller,Albert Finney,SkyfallÂ ,522030,2039,Rory Kinnear,0,brawl|childhood home|computer cracker|intelligence agency|terrorist cellA,http://www.imdb.com/title/tt1074638/?ref_=fn_tt_tt_1,1498,English,UK,PG-13,200000000,2012,563,7.8,2.35,80000
Color,Sam Mendes,262,125,0,210,Brian Geraghty,15000,62647540,Action|Drama|War,Jake Gyllenhaal,JarheadÂ ,143525,15850,James Morrison,0,american abroad|gulf war|u.s. military|u.s. soldier|usmcA,http://www.imdb.com/title/tt0418763/?ref_=fn_tt_tt_1,657,English,Germany,R,70000000,2005,383,7.1,2.35,0
Color,Sam Raimi,392,156,0,4000,James Franco,24000,336530303,Action|Adventure|Romance!,J.K. Simmons,Spider-Man 3Â ,383056,46055,Kirsten Dunst,0,sandman|spider man|symbiote|venom|villain,http://www.imdb.com/title/tt0413300/?ref_=fn_tt_tt_1,1902,English,USA,PG-13,258000000,2007,11000,6.2,2.35,0
Color,Sam Raimi,300,135,0,4000,James Franco,24000,373377893,Action|Adventure|Fantasy|Romance,J.K. Simmons,Spider-Man 2Â ,411164,43388,Kirsten Dunst,1,death|doctor|scientist|super villain|tentacle,http://www.imdb.com/title/tt0316654/?ref_=fn_tt_tt_1,1303,English,USA,PG-13,200000000,2004,11000,7.3,2.35,0
Color,Sam Raimi,525,130,0,11000,Mila Kunis,44000,234903076,Adventure|Family|Fantasy!,Tim Holmes,Oz the Great and PowerfulÂ ,175409,73441,James Franco,4,circus|magic|magician|oz|witch,http://www.imdb.com/title/tt1623205/?ref_=fn_tt_tt_1,511,English,USA,PG,215000000,2013,15000,6.4,2.35,60000
Color,Shane Black,608,195,1000,3000,Jon Favreau,21000,408992272,Action|Adventure|Sci-Fi,Robert Downey Jr.,Iron Man 3Â ,557489,30426,Don Cheadle,3,armor|explosion|human bomb|missile attack|terrorist,http://www.imdb.com/title/tt1300854/?ref_=fn_tt_tt_1,1187,English,USA,PG-13,200000000,2013,4000,7.2,2.35,95000
Color,Shawn Levy,185,105,189,1000,Rami Malek,49000,177243721,Adventure|Comedy|Family|Fantasy,Robin Williams,Night at the Museum: Battle of the SmithsonianÂ ,130272,54039,Steve Coogan,2,hdtv|motorcycle|museum|security guard|tyrannosaurus rex,http://www.imdb.com/title/tt1078912/?ref_=fn_tt_tt_1,209,English,USA,PG,150000000,2009,3000,5.9,2.35,2000
Color,Simon Wells,124,96,25,102,Alan Young,891,56684819,Action|Adventure|Sci-Fi,Mark Addy,The Time MachineÂ ,103787,1919,Josh Stamberg,0,hunter|scientist|time machine|time travel|time travel romance,http://www.imdb.com/title/tt0268695/?ref_=fn_tt_tt_1,615,English,USA,PG-13,80000000,2002,639,5.9,2.35,3000
 Black and White,Stephen Norrington,202,110,45,845,Max Ryan,1000,66462600,Action|Adventure|Fantasy|Sci-Fi,Jason Flemyng,The League of Extraordinary GentlemenÂ ,141533,4714,Tony Curran,3,box office flop|captain nemo|dorian gray|invisible man|steampunk,http://www.imdb.com/title/tt0311429/?ref_=fn_tt_tt_1,786,English,USA,PG-13,78000000,2003,872,5.8,2.35,0
Color,Stephen Sommers,250,118,208,570,Dennis Quaid,23000,150167630,Action|Adventure|Sci-Fi|Thriller,Joseph Gordon-Levitt,G.I. Joe: The Rise of CobraÂ ,174578,26683,Leo Howard,4,cobra|gi joe|snake|train|warhead,http://www.imdb.com/title/tt1046173/?ref_=fn_tt_tt_1,534,English,USA,PG-13,175000000,2009,2000,5.8,2.35,0
Color,Steve Carr,91,87,41,574,Jeffrey Jones,1000,112950721,Comedy|Family|Fantasy,Raven-SymonÃ©,Dr. Dolittle 2Â ,33884,3287,Kevin Pollak,0,bear|doctor|false accusation|man with glasses|second part,http://www.imdb.com/title/tt0240462/?ref_=fn_tt_tt_1,79,English,USA,PG,72000000,2001,692,4.6,2.35,266
Color,Steven Brill,87,90,65,658,Jon Lovitz,11000,39442871,Comedy|Fantasy,Adam Sandler,Little NickyÂ ,80639,25190,Michael McKean,0,angel|devil|flask|hell|the devil,http://www.imdb.com/title/tt0185431/?ref_=fn_tt_tt_1,237,English,USA,PG-13,80000000,2000,11000,5.3,1.85,0
Color,Steven Spielberg,470,122,14000,1000,Ray Winstone,11000,317011114,Action|Adventure|Fantasy!,Harrison Ford,Indiana Jones and the Kingdom of the Crystal SkullÂ ,333847,14959,Jim Broadbent,2,cult figure|femme fatale|indiana jones|unsubtitled foreign language|year 1957,http://www.imdb.com/title/tt0367882/?ref_=fn_tt_tt_1,2054,English,USA,PG-13,185000000,2008,1000,6.2,2.35,5000
Color,Steven Spielberg,177,129,14000,227,Richard Schiff,610,229074524,Action|Adventure|Sci-Fi,Ariana Richards,The Lost World: Jurassic ParkÂ ,278362,1635,Vanessa Lee Chester,0,capture|dinosaur|island|jurassic|jurassic park,http://www.imdb.com/title/tt0119567/?ref_=fn_tt_tt_1,552,English,USA,PG-13,73000000,1997,506,6.5,1.85,0
Color,Steven Spielberg,151,128,14000,232,Chi McBride,15000,77032279,Comedy|Drama,Tom Hanks,The TerminalÂ ,303864,16199,Barry Shabaka Henley,0,airport|construction site|fish out of water|flight attendant|man without a country,http://www.imdb.com/title/tt0362227/?ref_=fn_tt_tt_1,596,English,USA,PG-13,60000000,2004,466,7.3,1.85,16000
Color,Steven Spielberg,298,163,14000,412,Moritz Bleibtreu,745,47379090,Drama|History|Thriller,Ayelet Zurer,MunichÂ ,176936,2529,Mathieu Amalric,0,arab|black september|israel|jew|munich olympics,http://www.imdb.com/title/tt0408306/?ref_=fn_tt_tt_1,824,English,France,R,70000000,2005,486,7.6,2.35,0
Color,Tarsem Singh,284,110,763,222,Daniel Sharman,15000,83503161,Action|Drama|Fantasy|Romance,Henry Cavill,ImmortalsÂ ,138190,16691,Steve Byers,1,burned alive|castration|olympus|torture|torture device,http://www.imdb.com/title/tt1253864/?ref_=fn_tt_tt_1,405,English,USA,R,75000000,2011,1000,6.1,1.85,30000
Color,Terry Gilliam,233,118,0,871,Heath Ledger,13000,37899638,Action|Adventure|Comedy|Fantasy|Thriller!,Matt Damon,The Brothers GrimmÂ ,98472,27114,Mackenzie Crook,2,creature|curse|exorcism|girl|village,http://www.imdb.com/title/tt0355295/?ref_=fn_tt_tt_1,492,English,USA,PG-13,88000000,2005,13000,5.9,1.85,0
Color,Thor Freudenthal,107,100,87,446,Kevin Dillon,3000,73023275,Comedy|Family,Don Cheadle,Hotel for DogsÂ ,16271,5174,Yvette Nicole Brown,4,abandoned hotel|dog|foster home|overalls|playing with a dog,http://www.imdb.com/title/tt0785006/?ref_=fn_tt_tt_1,57,English,USA,PG,35000000,2009,576,5.4,1.85,1000
Color,Tim Burton,451,108,13000,11000,Alan Rickman,40000,334185206,Adventure|Family|Fantasy!,Johnny Depp,Alice in WonderlandÂ ,306320,79957,Anne Hathaway,0,alice in wonderland|mistaking reality for dream|queen|shrinking|shrinking potion,http://www.imdb.com/title/tt1014759/?ref_=fn_tt_tt_1,736,English,USA,PG,200000000,2010,25000,6.5,1.85,24000
Color,Tim Burton,276,115,13000,588,Christopher Lee,40000,206456431,Adventure|Comedy|Family|Fantasy,Johnny Depp,Charlie and the Chocolate FactoryÂ ,320284,57844,David Kelly,3,chocolate|diminution|miniaturization|physical flexability|ticket,http://www.imdb.com/title/tt0367594/?ref_=fn_tt_tt_1,1361,English,USA,PG,150000000,2005,16000,6.7,1.85,0
Color,Tim Burton,132,106,13000,733,Martin Short,20000,37754208,Action|Comedy|Sci-Fi,Natalie Portman,Mars Attacks!Â ,172217,22590,Lukas Haas,3,alien|general|martian|president|weapon,http://www.imdb.com/title/tt0116996/?ref_=fn_tt_tt_1,405,English,USA,PG-13,70000000,1996,770,6.3,2.35,0
Color,Timur Bekmambetov,316,110,335,988,Morgan Freeman,11000,134568845,Action|Crime|Fantasy|Thriller,Angelina Jolie Pitt,WantedÂ ,299852,25763,Common,0,assassin|bobble head doll|femme fatale|rejuvenation|strong female lead,http://www.imdb.com/title/tt0493464/?ref_=fn_tt_tt_1,713,English,USA,R,75000000,2008,11000,6.7,2.35,0
Color,Tom Shadyac,186,96,293,7000,Morgan Freeman,87000,100289690,Comedy|Family|Fantasy,Jimmy Bennett,Evan AlmightyÂ ,115099,108016,Steve Carell,0,ark|change|congressman|depiction of god|flood,http://www.imdb.com/title/tt0413099/?ref_=fn_tt_tt_1,257,English,USA,PG,175000000,2007,11000,5.4,2.35,2000
Color,Vincent Ward,121,113,25,129,Annabella Sciorra,49000,55350897,Drama|Fantasy|Romance,Robin Williams,What Dreams May ComeÂ !,83560,49631,Rosalind Chao,1,heaven|hell|soul|soul mate|suicide,http://www.imdb.com/title/tt0120889/?ref_=fn_tt_tt_1,619,English,USA,PG-13,85000000,1998,448,7,2.35,32000
Color,Wolfgang Petersen,231,98,249,702,Mike Vogel,87000,60655503,Action|Adventure|Drama|Thriller,Jimmy Bennett,PoseidonÂ ,82380,92456,Andre Braugher,0,cruise|escape|ocean|passenger|water,http://www.imdb.com/title/tt0409182/?ref_=fn_tt_tt_1,629,English,USA,PG-13,160000000,2006,2000,5.6,2.35,0
Color,Yarrow Cheney,165,87,11,745,Eric Stonestreet,1000,323505540,Animation|Comedy|Family,Steve Coogan,The Secret Life of PetsÂ ,24407,4782,Albert Brooks,0,animal control|lost animal|mongrel|pet|terrier,http://www.imdb.com/title/tt2709768/?ref_=fn_tt_tt_1,155,English,Japan,PG,75000000,2016,904,6.8,1.85,36000
Color,Zack Snyder,673,183,0,2000,Lauren Cohan,15000,330249062,Action|Adventure|Sci-Fi,Henry Cavill,Batman v Superman: Dawn of JusticeÂ ,371639,24450,Alan D. Purwin,0,based on comic book|batman|sequel to a reboot|superhero|superman,http://www.imdb.com/title/tt2975590/?ref_=fn_tt_tt_1,3018,English,USA,PG-13,250000000,2016,4000,6.9,2.35,197000
Color,Zack Snyder,733,143,0,748,Christopher Meloni,15000,291021565,Action|Adventure|Fantasy|Sci-Fi,Henry Cavill,Man of SteelÂ ,548573,20495,Harry Lennix,0,based on comic book|british actor playing american character|final battle|origin of hero|reboot,http://www.imdb.com/title/tt0770828/?ref_=fn_tt_tt_1,2536,English,USA,PG-13,225000000,2013,3000,7.2,2.35,118000
Color,Zack Snyder,435,128,0,826,Abbie Cornish,4000,36381716,Action|Fantasy,Jon Hamm,Sucker PunchÂ ,197584,7067,Scott Glenn,4,alternate reality|escape|girl gang|prostitution|samurai,http://www.imdb.com/title/tt0978764/?ref_=fn_tt_tt_1,918,English,USA,PG-13,82000000,2011,2000,6.1,2.35,42000
